x,y,Left_PWM,Right_PWM,dt
0.13577684865871142,0.13364055299539168,0.0,-0.7916562395092623,0.43165379802850434
0.13581499679555642,0.13364055299539168,0.0,-0.7916562395092623,0.35938596758934294
0.13581499679555642,0.1335261085848567,0.0,-0.7916562395092623,0.35352641376995153
0.13566240424817644,0.13371684926908167,0.0,-0.7916562395092623,0.3418073061311686
0.1358912930692464,0.13386944181646165,0.0,-0.7916562395092623,0.34571367534409625
0.1360820337534714,0.1334498123111667,0.0,-0.7916562395092623,0.3632923368022706
0.13562425611133144,0.1336024048585467,0.0,-0.7916562395092623,0.35157322916348765
0.1360057374797814,0.13417462691122162,0.0,-0.7916562395092623,0.35352641376995153
0.13646351512192134,0.13375499740592667,0.0,-0.7916562395092623,0.34766685995056
0.1358912930692464,0.13371684926908167,0.0,-0.7916562395092623,0.35743278298287917
0.1360057374797814,0.13447981200598158,0.0,-0.7916562395092623,0.35157322916348765
0.1368068483535263,0.1343272194586016,0.0,-0.7916562395092623,0.35352641376995153
0.13634907071138636,0.13386944181646165,0.0,-0.7916562395092623,0.3554795983764153
0.13623462630085137,0.13467055269020656,0.0,-0.7916562395092623,0.35352641376995153
0.13707388531144127,0.13482314523758654,0.0,-0.7916562395092623,0.34571367534409625
0.1369212927640613,0.1342127750480666,0.0,-0.7916562395092623,0.35352641376995153
0.13642536698507635,0.13497573778496652,0.0,-0.7916562395092623,0.35743278298287917
0.13730277413251124,0.13528092287972648,0.0,-0.7916562395092623,0.35743278298287917
0.13741721854304623,0.13467055269020656,0.0,-0.7916562395092623,0.34571367534409625
0.13669240394299131,0.1350901821955015,0.0,-0.7916562395092623,0.35352641376995153
0.13726462599566625,0.13562425611133144,0.0,-0.7916562395092623,0.34766685995056
0.1377224036378062,0.1350901821955015,0.0,-0.7916562395092623,0.4257942442091128
0.1369212927640613,0.13547166356395146,0.0,-0.7916562395092623,0.34571367534409625
0.13745536667989122,0.1360438856166264,0.0,-0.7916562395092623,0.35352641376995153
0.13810388500625614,0.13566240424817644,0.0,-0.7916562395092623,0.34571367534409625
0.13711203344828626,0.1359675893429364,0.0,-0.7916562395092623,0.44532609027375103
0.1377224036378062,0.13642536698507635,0.0,-0.7916562395092623,0.34571367534409625
0.13829462569048112,0.13615833002716138,0.0,-0.7916562395092623,0.402356028931547
0.13734092226935624,0.13646351512192134,0.0,-0.7916562395092623,0.3437604907376324
0.13779869991149618,0.13703573717459627,0.0,-0.7916562395092623,0.35743278298287917
0.1385998107852413,0.1369212927640613,0.0,-0.7916562395092623,0.34766685995056
0.1377224036378062,0.13699758903775128,0.0,-0.7916562395092623,0.35352641376995153
0.13810388500625614,0.1376842555009612,0.0,-0.7916562395092623,0.4687643055513169
0.13886684774315627,0.1375698110904262,0.0,-0.7916562395092623,0.34766685995056
0.13802758873256615,0.13779869991149618,0.0,-0.7916562395092623,0.35157322916348765
0.13818018127994613,0.13833277382732612,0.0,-0.7916562395092623,0.3496200445570239
0.13917203283791624,0.1384090701010161,0.0,-0.7916562395092623,0.4414197210608234
0.13833277382732612,0.1386379589220863,0.0,-0.7916562395092623,0.3496200445570239
0.1386379589220863,0.13917203283791624,0.0,-0.7916562395092623,0.35352641376995153
0.1395535142063662,0.13921018097476123,0.0,-0.7916562395092623,0.34571367534409625
0.13879055146946628,0.1395535142063662,0.0,-0.7916562395092623,0.4472792748802149
0.13913388470107124,0.13993499557481615,0.0,-0.7916562395092623,0.34766685995056
0.14012573625904112,0.14008758812219613,0.0,-0.7916562395092623,0.39844965971861934
0.1394772179326762,0.14043092135380109,0.0,-0.7916562395092623,0.3437604907376324
0.1395535142063662,0.14085055085909604,0.0,-0.7916562395092623,0.35743278298287917
0.14054536576433607,0.14104129154332112,0.0,-0.7916562395092623,0.34766685995056
0.14004943998535113,0.14138462477492608,0.0,-0.7916562395092623,0.42384105960264906
0.14016388439588612,0.14180425428022103,0.0,-0.7916562395092623,0.34571367534409625
0.14107943968016612,0.141994994964446,0.0,-0.7916562395092623,0.35352641376995153
0.14088869899594114,0.14230018005920597,0.0,-0.7916562395092623,0.3554795983764153
0.14073610644856105,0.14271980956450092,0.0,-0.7916562395092623,0.34766685995056
0.14184240241706603,0.14306314279610588,0.0,-0.7916562395092623,0.4882961516159551
0.14138462477492608,0.14348277230140083,0.0,-0.7916562395092623,0.34766685995056
0.14138462477492608,0.1438261055330058,0.0,-0.7916562395092623,0.35352641376995153
0.14230018005920597,0.14405499435407576,0.0,-0.7916562395092623,0.34766685995056
0.141994994964446,0.1445127719962157,0.0,-0.7916562395092623,0.4394665364543596
0.141994994964446,0.14485610522782066,0.0,-0.7916562395092623,0.3496200445570239
0.14302499465926088,0.14512314218573563,0.0,-0.7916562395092623,0.39844965971861934
0.14271980956450092,0.14561906796472057,0.0,-0.7916562395092623,0.34766685995056
0.14256721701712094,0.14596240119632553,0.0,-0.7916562395092623,0.35743278298287917
0.14344462416455583,0.1461912900173955,0.0,-0.7916562395092623,0.34766685995056
0.14333017975402085,0.14687795648060542,0.0,-0.7916562395092623,0.44337290566728726
0.14321573534348586,0.14718314157536538,0.0,-0.7916562395092623,0.34766685995056
0.14420758690145574,0.14737388225959036,0.0,-0.7916562395092623,0.35352641376995153
0.14416943876461075,0.1479842524491103,0.0,-0.7916562395092623,0.35157322916348765
0.14390240180669578,0.14840388195440535,0.0,-0.7916562395092623,0.3496200445570239
0.14500869777520065,0.14867091891232032,0.0,-0.7916562395092623,0.4668111209448531
0.14493240150151065,0.14939573351237523,0.0,-0.7916562395092623,0.3496200445570239
0.14477980895413067,0.14977721488082518,0.0,-0.7916562395092623,0.35157322916348765
0.14561906796472057,0.15000610370189515,0.0,-0.7916562395092623,0.34766685995056
0.14573351237525556,0.15080721457564028,0.0,-0.7916562395092623,0.44532609027375103
0.14565721610156557,0.15115054780724524,0.0,-0.7916562395092623,0.34766685995056
0.14653462324900046,0.1514557329020052,0.0,-0.7916562395092623,0.3964964751121556
0.14661091952269045,0.15214239936521512,0.0,-0.7916562395092623,0.34571367534409625
0.14653462324900046,0.15260017700735506,0.0,-0.7916562395092623,0.37891781365398114
0.14729758598590037,0.15282906582842504,0.0,-0.7916562395092623,0.3496200445570239
0.14741203039643536,0.15366832483901494,0.0,-0.7916562395092623,0.4218878749961852
0.14737388225959036,0.15408795434430989,0.0,-0.7916562395092623,0.3418073061311686
0.14817499313333526,0.15420239875484487,0.0,-0.7916562395092623,0.35938596758934294
0.14844203009125034,0.15496536149174478,0.0,-0.7916562395092623,0.3496200445570239
0.14821314127018037,0.1556138798181097,0.0,-0.7916562395092623,0.35157322916348765
0.14916684469130526,0.15580462050233468,0.0,-0.7916562395092623,0.4668111209448531
0.14928128910184024,0.15664387951292458,0.0,-0.7916562395092623,0.34766685995056
0.14920499282815025,0.1572542497024445,0.0,-0.7916562395092623,0.3554795983764153
0.14992980742820516,0.1573686941129795,0.0,-0.7916562395092623,0.34571367534409625
0.15023499252296513,0.1583223975341045,0.0,-0.7916562395092623,0.44532609027375103
0.15023499252296513,0.1589327677236244,0.0,-0.7916562395092623,0.34766685995056
0.15095980712302026,0.1590853602710044,0.0,-0.7916562395092623,0.35157322916348765
0.15126499221778023,0.1597720267342143,0.0,-0.7916562395092623,0.34766685995056
0.15130314035462522,0.1606875820184943,0.0,-0.7916562395092623,0.44337290566728726
0.15198980681783514,0.1608401745658743,0.0,-0.7916562395092623,0.34766685995056
0.15218054750206012,0.1617175817133092,0.0,-0.7916562395092623,0.402356028931547
0.1522186956389051,0.1624423963133641,0.0,-0.7916562395092623,0.3437604907376324
0.15290536210211503,0.1625186925870541,0.0,-0.7916562395092623,0.3554795983764153
0.153210547196875,0.163205359050264,0.0,-0.7916562395092623,0.35352641376995153
0.15317239906003,0.1641590624713889,0.0,-0.7916562395092623,0.3496200445570239
0.15408795434430989,0.16434980315561387,0.0,-0.7916562395092623,0.46485793633838923
0.15420239875484487,0.16515091402935878,0.0,-0.7916562395092623,0.34766685995056
0.15435499130222485,0.16606646931363866,0.0,-0.7916562395092623,0.35352641376995153
0.15504165776543477,0.16621906186101865,0.0,-0.7916562395092623,0.34766685995056
0.15530869472334974,0.16709646900845354,0.0,-0.7916562395092623,0.44532609027375103
0.1556138798181097,0.16801202429273354,0.0,-0.7916562395092623,0.34571367534409625
0.15626239814447462,0.16824091311380351,0.0,-0.7916562395092623,0.35743278298287917
0.1565675832392346,0.16881313516647845,0.0,-0.7916562395092623,0.3437604907376324
0.15687276833399455,0.1700338755455183,0.0,-0.7916562395092623,0.4472792748802149
0.15755943479720447,0.1702246162297434,0.0,-0.7916562395092623,0.34571367534409625
0.15771202734458445,0.1710257271034883,0.0,-0.7916562395092623,0.4004028443250832
0.15797906430249953,0.17197943052461317,0.0,-0.7916562395092623,0.3437604907376324
0.15878017517624443,0.17224646748252814,0.0,-0.7916562395092623,0.35743278298287917
0.1589709158604694,0.17281868953520307,0.0,-0.7916562395092623,0.34766685995056
0.15919980468153938,0.17407757805108792,0.0,-0.7916562395092623,0.42384105960264906
0.16000091555528428,0.1743446150090029,0.0,-0.7916562395092623,0.34571367534409625
0.16019165623950926,0.17484054078798783,0.0,-0.7916562395092623,0.35352641376995153
0.16022980437635426,0.1759468367564927,0.0,-0.7916562395092623,0.3554795983764153
0.16110721152378926,0.17651905880916763,0.0,-0.7916562395092623,0.34766685995056
0.16141239661854923,0.17720572527237755,0.0,-0.7916562395092623,0.4882961516159551
0.1616412854396192,0.17827387310403764,0.0,-0.7916562395092623,0.34766685995056
0.1625186925870541,0.1786935026093326,0.0,-0.7916562395092623,0.35352641376995153
0.16274758140812406,0.17918942838831753,0.0,-0.7916562395092623,0.34766685995056
0.16293832209234904,0.1804101687673575,0.0,-0.7916562395092623,0.4394665364543596
0.16389202551347393,0.18090609454634243,0.0,-0.7916562395092623,0.3496200445570239
0.16396832178716392,0.18155461287270735,0.0,-0.7916562395092623,0.39844965971861934
0.1641590624713889,0.18254646443067724,0.0,-0.7916562395092623,0.34766685995056
0.16515091402935878,0.18319498275704216,0.0,-0.7916562395092623,0.3554795983764153
0.16537980285042875,0.1835764641254921,0.0,-0.7916562395092623,0.3496200445570239
0.16557054353465372,0.18483535264137696,0.0,-0.7916562395092623,0.44337290566728726
0.1666005432294686,0.1854457228308969,0.0,-0.7916562395092623,0.34766685995056
0.16679128391369358,0.18594164860988183,0.0,-0.7916562395092623,0.35352641376995153
0.1667149876400036,0.1869335001678517,0.0,-0.7916562395092623,0.35157322916348765
0.16778313547166357,0.18765831476790673,0.0,-0.7916562395092623,0.35157322916348765
0.16816461684011352,0.18845942564165163,0.0,-0.7916562395092623,0.46485793633838923
0.16820276497695852,0.18937498092593152,0.0,-0.7916562395092623,0.34571367534409625
0.16934720908230838,0.19009979552598666,0.0,-0.7916562395092623,0.3554795983764153
0.16969054231391334,0.1906720175786616,0.0,-0.7916562395092623,0.34766685995056
0.16965239417706834,0.19177831354716646,0.0,-0.7916562395092623,0.4472792748802149
0.1709112826929533,0.19254127628406636,0.0,-0.7916562395092623,0.34571367534409625
0.17117831965086827,0.19322794274727628,0.0,-0.7916562395092623,0.3964964751121556
0.17110202337717828,0.19410534989471118,0.0,-0.7916562395092623,0.34571367534409625
0.17236091189306313,0.19494460890530108,0.0,-0.7916562395092623,0.37891781365398114
0.17278054139835808,0.195593127231666,0.0,-0.7916562395092623,0.34571367534409625
0.17274239326151308,0.19666127506332587,0.0,-0.7916562395092623,0.4257942442091128
0.17388683736686295,0.1973860896633809,0.0,-0.7916562395092623,0.3418073061311686
0.1743446150090029,0.1981109042634358,0.0,-0.7916562395092623,0.35938596758934294
0.17407757805108792,0.1989501632740257,0.0,-0.7916562395092623,0.35157322916348765
0.17522202215643778,0.19978942228461571,0.0,-0.7916562395092623,0.3496200445570239
0.1759086886196477,0.2007812738425856,0.0,-0.7916562395092623,0.4668111209448531
0.17571794793542272,0.2016205328531755,0.0,-0.7916562395092623,0.34766685995056
0.17690054017761758,0.2024216437269204,0.0,-0.7916562395092623,0.35157322916348765
0.17751091036713773,0.2031846064638203,0.0,-0.7916562395092623,0.3496200445570239
0.17735831781975753,0.20425275429548018,0.0,-0.7916562395092623,0.44532609027375103
0.1785027619251076,0.20513016144291507,0.0,-0.7916562395092623,0.34766685995056
0.17915128025147253,0.20589312417981498,0.0,-0.7916562395092623,0.35157322916348765
0.17896053956724756,0.20680867946409498,0.0,-0.7916562395092623,0.34766685995056
0.18021942808313252,0.20780053102206486,0.0,-0.7916562395092623,0.44337290566728726
0.18082979827265244,0.20863979003265476,0.0,-0.7916562395092623,0.34571367534409625
0.18063905758842747,0.20966978972746975,0.0,-0.7916562395092623,0.402356028931547
0.18174535355693233,0.21047090060121465,0.0,-0.7916562395092623,0.34571367534409625
0.18254646443067724,0.21138645588549454,0.0,-0.7916562395092623,0.35743278298287917
0.18239387188329725,0.21234015930661942,0.0,-0.7916562395092623,0.3496200445570239
0.18319498275704216,0.21306497390667434,0.0,-0.7916562395092623,0.35157322916348765
0.18426313058870203,0.21436201055940418,0.0,-0.7916562395092623,0.4668111209448531
0.18422498245185703,0.21531571398052907,0.0,-0.7916562395092623,0.3496200445570239
0.18514053773613692,0.21607867671742897,0.0,-0.7916562395092623,0.35157322916348765
0.1860560930204168,0.2169942320017091,0.0,-0.7916562395092623,0.34766685995056
0.1860560930204168,0.21829126865443893,0.0,-0.7916562395092623,0.44337290566728726
0.1869335001678517,0.21901608325449395,0.0,-0.7916562395092623,0.34766685995056
0.1878490554521317,0.21996978667561884,0.0,-0.7916562395092623,0.3554795983764153
0.1878872035889767,0.2210760826441237,0.0,-0.7916562395092623,0.34571367534409625
0.18887905514694658,0.2219534897915586,0.0,-0.7916562395092623,0.4472792748802149
0.1896038697470015,0.22294534134952848,0.0,-0.7916562395092623,0.34766685995056
0.1897564622943817,0.22424237800225832,0.0,-0.7916562395092623,0.39844965971861934
0.1905957213049716,0.22481460005493326,0.0,-0.7916562395092623,0.3437604907376324
0.19154942472609648,0.22584459974974813,0.0,-0.7916562395092623,0.3554795983764153
0.19158757286294148,0.2271034882656331,0.0,-0.7916562395092623,0.3496200445570239
0.19246498001037637,0.227866451002533,0.0,-0.7916562395092623,0.42384105960264906
0.19326609088412128,0.2287820062868131,0.0,-0.7916562395092623,0.34571367534409625
0.19353312784203625,0.23007904293954295,0.0,-0.7916562395092623,0.3554795983764153
0.19425794244209116,0.23080385753959787,0.0,-0.7916562395092623,0.35352641376995153
0.19509720145268106,0.23160496841334277,0.0,-0.7916562395092623,0.34766685995056
0.195516830957976,0.23335978270821256,0.0,-0.7916562395092623,0.4863429670094913
0.1963179418317209,0.23400830103457748,0.0,-0.7916562395092623,0.3496200445570239
0.19708090456862093,0.23488570818201238,0.0,-0.7916562395092623,0.35157322916348765
0.1973860896633809,0.23622089297158733,0.0,-0.7916562395092623,0.34571367534409625
0.19837794122135077,0.2372127445295572,0.0,-0.7916562395092623,0.4394665364543596
0.1990264595477157,0.2380520035401471,0.0,-0.7916562395092623,0.35157322916348765
0.19948423718985575,0.23957792901394703,0.0,-0.7916562395092623,0.4004028443250832
0.20032349620044565,0.24034089175084694,0.0,-0.7916562395092623,0.34571367534409625
0.20104831080050056,0.24106570635090185,0.0,-0.7916562395092623,0.3554795983764153
0.20139164403210552,0.24251533555101168,0.0,-0.7916562395092623,0.34766685995056
0.2024216437269204,0.24362163151951655,0.0,-0.7916562395092623,0.44532609027375103
0.20303201391644032,0.24430829798272646,0.0,-0.7916562395092623,0.34571367534409625
0.20345164342173527,0.2457579271828363,0.0,-0.7916562395092623,0.3554795983764153
0.20436719870601516,0.24678792687765128,0.0,-0.7916562395092623,0.3496200445570239
0.20509201330607008,0.2473982970671712,0.0,-0.7916562395092623,0.35352641376995153
0.2056260872219,0.2491531113620411,0.0,-0.7916562395092623,0.46485793633838923
0.2066179387798699,0.250183111056856,0.0,-0.7916562395092623,0.34766685995056
0.20719016083254493,0.2507553331095309,0.0,-0.7916562395092623,0.3554795983764153
0.2075716422009949,0.25216681417279574,0.0,-0.7916562395092623,0.34571367534409625
0.20883053071687974,0.2535401470992156,0.0,-0.7916562395092623,0.4472792748802149
0.20936460463270978,0.2541886654255805,0.0,-0.7916562395092623,0.34571367534409625
0.20989867854853972,0.25567644276253554,0.0,-0.7916562395092623,0.3964964751121556
0.2109286782433546,0.2568208868678854,0.0,-0.7916562395092623,0.34766685995056
0.21146275215918453,0.2575457014679403,0.0,-0.7916562395092623,0.3769646290475174
0.21188238166447948,0.2588045899838253,0.0,-0.7916562395092623,0.34766685995056
0.21321756645405432,0.2602923673207801,0.0,-0.7916562395092623,0.42384105960264906
0.21371349223303926,0.260864589373455,0.0,-0.7916562395092623,0.3418073061311686
0.21398052919095423,0.26216162602618487,0.0,-0.7916562395092623,0.35743278298287917
0.2151249732963041,0.2634205145420697,0.0,-0.7916562395092623,0.35157322916348765
0.215849787896359,0.2641834772789696,0.0,-0.7916562395092623,0.35157322916348765
0.21638386181218894,0.26570940275276955,0.0,-0.7916562395092623,0.4668111209448531
0.21749015778069403,0.2670445875423444,0.0,-0.7916562395092623,0.34766685995056
0.21810052797021395,0.2677312540055543,0.0,-0.7916562395092623,0.35352641376995153
0.21836756492812892,0.2688375499740594,0.0,-0.7916562395092623,0.34766685995056
0.21974089785454887,0.2705542161320842,0.0,-0.7916562395092623,0.44532609027375103
0.22042756431775878,0.2713553270058291,0.0,-0.7916562395092623,0.34571367534409625
0.22069460127567375,0.27246162297433396,0.0,-0.7916562395092623,0.3554795983764153
0.22176274910733362,0.2737968077639088,0.0,-0.7916562395092623,0.34571367534409625
0.2227546006653035,0.27497940000610366,0.0,-0.7916562395092623,0.44532609027375103
0.22298348948637348,0.27604754783776364,0.0,-0.7916562395092623,0.34571367534409625
0.22431867427594832,0.27761162144840856,0.0,-0.7916562395092623,0.402356028931547
0.22511978514969322,0.27856532486953345,0.0,-0.7916562395092623,0.3437604907376324
0.22542497024445318,0.2795953245643483,0.0,-0.7916562395092623,0.35743278298287917
0.22637867366557818,0.28093050935392316,0.0,-0.7916562395092623,0.34766685995056
0.22744682149723805,0.28203680532242803,0.0,-0.7916562395092623,0.35352641376995153
0.22798089541306799,0.28344828638569286,0.0,-0.7916562395092623,0.4668111209448531
0.22901089510788308,0.2847834711752677,0.0,-0.7916562395092623,0.34571367534409625
0.22996459852900797,0.2858897671437727,0.0,-0.7916562395092623,0.3554795983764153
0.23030793176061293,0.28688161870174256,0.0,-0.7916562395092623,0.34766685995056
0.23149052400280778,0.2884838404492325,0.0,-0.7916562395092623,0.44337290566728726
0.23248237556077767,0.28966643269142733,0.0,-0.7916562395092623,0.34766685995056
0.2329401532029176,0.2908108767967772,0.0,-0.7916562395092623,0.35157322916348765
0.2337794122135075,0.29203161717581705,0.0,-0.7916562395092623,0.3496200445570239
0.23503830072939236,0.29351939451277187,0.0,-0.7916562395092623,0.44532609027375103
0.2354960783715323,0.29466383861812173,0.0,-0.7916562395092623,0.3496200445570239
0.2365260780663473,0.2960371715445418,0.0,-0.7916562395092623,0.3964964751121556
0.23747978148747217,0.29721976378673676,0.0,-0.7916562395092623,0.34571367534409625
0.2380901516769921,0.2984023560289316,0.0,-0.7916562395092623,0.35743278298287917
0.23885311441389212,0.29958494827112647,0.0,-0.7916562395092623,0.34571367534409625
0.24003570665608698,0.3010345774712363,0.0,-0.7916562395092623,0.42384105960264906
0.2407223731192969,0.30236976226081114,0.0,-0.7916562395092623,0.34571367534409625
0.2414471877193518,0.303514206366161,0.0,-0.7916562395092623,0.35352641376995153
0.2423245948667867,0.304620502334666,0.0,-0.7916562395092623,0.35352641376995153
0.2431638538773766,0.3060319833979308,0.7916562395092623,0.0,0.35157322916348765
0.24423200170903647,0.30767235328226583,0.7916562395092623,0.0,0.4882961516159551
0.24503311258278138,0.3088930936613057,0.7916562395092623,0.0,0.34766685995056
0.24587237159337139,0.31011383404034554,0.7916562395092623,0.0,0.35157322916348765
0.2466353343302713,0.3112582781456954,0.7916562395092623,0.0,0.34766685995056
0.24766533402508617,0.3127842036194952,0.7916562395092623,0.0,0.44337290566728726
0.2483901486251412,0.3138142033143101,0.7916562395092623,0.0,0.34766685995056
0.24930570390942108,0.31499679555650506,0.7916562395092623,0.0,0.4004028443250832
0.250144962920011,0.3161793877986999,0.7916562395092623,0.0,0.34571367534409625
0.2509079256569109,0.3171712393566699,0.7916562395092623,0.0,0.35743278298287917
0.2516708883938108,0.3181630909146398,0.7916562395092623,0.0,0.34766685995056
0.25285348063600566,0.3196127201147496,0.7916562395092623,0.0,0.44532609027375103
0.2535401470992156,0.3206427198095645,0.7916562395092623,0.0,0.34571367534409625
0.2543031098361155,0.3215964232306894,0.7916562395092623,0.0,0.35352641376995153
0.25525681325724037,0.32274086733603924,0.7916562395092623,0.0,0.35157322916348765
0.2560197759941405,0.3237708670308541,0.7916562395092623,0.0,0.35157322916348765
0.2570116275521104,0.3249916074098941,0.7916562395092623,0.0,0.4668111209448531
0.25804162724692525,0.32613605151524394,0.7916562395092623,0.0,0.34766685995056
0.25884273812067027,0.32716605121005893,0.7916562395092623,0.0,0.35352641376995153
0.2595294045838802,0.3280053102206488,0.7916562395092623,0.0,0.34766685995056
0.26071199682607504,0.32937864314706866,0.7916562395092623,0.0,0.44337290566728726
0.26155125583666494,0.33037049470503854,0.7916562395092623,0.0,0.34766685995056
0.26242866298409984,0.33120975371562844,0.7916562395092623,0.0,0.3964964751121556
0.2633823664052247,0.3323160496841333,0.7916562395092623,0.0,0.34766685995056
0.2643360698263496,0.3333079012421032,0.7916562395092623,0.0,0.37891781365398114
0.2650990325632495,0.3340327158421583,0.7916562395092623,0.0,0.34766685995056
0.2662816248054445,0.3351771599475082,0.7916562395092623,0.0,0.4218878749961852
0.2671208838160344,0.3360927152317881,0.7916562395092623,0.0,0.3418073061311686
0.2679219946897795,0.3367030854213081,0.7916562395092623,0.0,0.35938596758934294
0.2689138462477494,0.337618640705588,0.7916562395092623,0.0,0.34766685995056
0.2698294015320293,0.3384960478530229,0.7916562395092623,0.0,0.35352641376995153
0.27089754936368915,0.3394116031373028,0.7916562395092623,0.0,0.47071749015778075
0.27188940092165903,0.3402508621478927,0.7916562395092623,0.0,0.34571367534409625
0.2728812524796289,0.3410519730216376,0.7916562395092623,0.0,0.35352641376995153
0.2736060670796838,0.3416623432111575,0.7916562395092623,0.0,0.3496200445570239
0.2747505111850337,0.3426541947691274,0.7916562395092623,0.0,0.44337290566728726
0.2756660664693137,0.3434171575060273,0.7916562395092623,0.0,0.34766685995056
0.2765434736167486,0.34402752769554734,0.7916562395092623,0.0,0.35352641376995153
0.27745902890102847,0.34479049043244725,0.7916562395092623,0.0,0.34571367534409625
0.27864162114322344,0.34574419385357213,0.7916562395092623,0.0,0.44532609027375103
0.27940458388012335,0.3463164159062473,0.7916562395092623,0.0,0.34766685995056
0.28039643543809323,0.3471556749168372,0.7916562395092623,0.0,0.4004028443250832
0.2813882869960631,0.3478423413800471,0.7916562395092623,0.0,0.34571367534409625
0.282189397869808,0.34841456343272204,0.7916562395092623,0.0,0.3554795983764153
0.2829905087435529,0.34910122989593195,0.7916562395092623,0.0,0.35157322916348765
0.2840205084383678,0.34982604449598687,0.7916562395092623,0.0,0.35157322916348765
0.28512680440687277,0.3505127109591968,0.7916562395092623,0.0,0.46485793633838923
0.28596606341746267,0.3511612292855617,0.7916562395092623,0.0,0.3437604907376324
0.28695791497543255,0.3518097476119266,0.7916562395092623,0.0,0.3554795983764153
0.28783532212286755,0.35230567339091157,0.7916562395092623,0.0,0.3496200445570239
0.2889034699545274,0.3530686361278115,0.7916562395092623,0.0,0.44532609027375103
0.2898953215124973,0.3536790063173315,0.7916562395092623,0.0,0.34766685995056
0.2907727286599322,0.35413678395947146,0.7916562395092623,0.0,0.35157322916348765
0.2916501358073671,0.3546708578753014,0.7916562395092623,0.0,0.3496200445570239
0.29287087618640695,0.3553193762016663,0.7916562395092623,0.0,0.44337290566728726
0.29374828333384184,0.35577715384380637,0.7916562395092623,0.0,0.34766685995056
0.29477828302865694,0.3563112277596363,0.7916562395092623,0.0,0.39844965971861934
0.2957319864497818,0.35676900540177625,0.7916562395092623,0.0,0.3437604907376324
0.2966856898709067,0.3572267830439162,0.7916562395092623,0.0,0.35938596758934294
0.2975630970183417,0.35772270882290114,0.7916562395092623,0.0,0.34766685995056
0.2987075411236916,0.3581804864650411,0.7916562395092623,0.0,0.4218878749961852
0.29969939268166146,0.35856196783349104,0.7916562395092623,0.0,0.34766685995056
0.30057679982909635,0.35909604174932097,0.7916562395092623,0.0,0.3554795983764153
0.30149235511337624,0.35943937498092593,0.7916562395092623,0.0,0.35157322916348765
0.3024460585345011,0.3598590044862209,0.7916562395092623,0.0,0.34766685995056
0.30374309518723097,0.3604312265388958,0.7916562395092623,0.0,0.4882961516159551
0.30465865047151097,0.3607364116336558,0.7916562395092623,0.0,0.3496200445570239
0.30565050202948085,0.3611178930021057,0.7916562395092623,0.0,0.35157322916348765
0.30648976104007075,0.3615375225074007,0.7916562395092623,0.0,0.34766685995056
0.30767235328226583,0.36191900387585063,0.7916562395092623,0.0,0.4414197210608234
0.3086260567033907,0.3621860408337656,0.7916562395092623,0.0,0.34766685995056
0.3096560563982056,0.36264381847590554,0.7916562395092623,0.0,0.4004028443250832
0.3105334635456405,0.3627964110232855,0.7916562395092623,0.0,0.34571367534409625
0.31152531510361037,0.3631778923917356,0.7916562395092623,0.0,0.35743278298287917
0.31240272225104526,0.36352122562334055,0.7916562395092623,0.0,0.3496200445570239
0.3135853144932401,0.3637119663075655,0.7916562395092623,0.0,0.4414197210608234
0.3145771660512101,0.3639408551286355,0.7916562395092623,0.0,0.34766685995056
0.315454573198645,0.36436048463393045,0.7916562395092623,0.0,0.3554795983764153
0.3163701284829249,0.36439863277077544,0.7916562395092623,0.0,0.35157322916348765
0.3173619800408949,0.3645893734550004,0.7916562395092623,0.0,0.3496200445570239
0.31862086855677973,0.36504715109714037,0.7916562395092623,0.0,0.4668111209448531
0.3195364238410596,0.3649708548234504,0.7916562395092623,0.0,0.34766685995056
0.3205282753990295,0.36519974364452035,0.7916562395092623,0.0,0.35352641376995153
0.3214438306833094,0.3654667806024353,0.7916562395092623,0.0,0.34571367534409625
0.32266457106234925,0.3654667806024353,0.7916562395092623,0.0,0.4472792748802149
0.3236945707571641,0.3656193731498154,0.7916562395092623,0.0,0.34766685995056
0.3247245704519791,0.3658864101077304,0.7916562395092623,0.0,0.3945432905056917
0.325716422009949,0.3658482619708854,0.39579454939420766,-0.39582811975463117,0.3496200445570239
0.326784569841609,0.36592455824457537,0.39579454939420766,-0.39582811975463117,0.3769646290475174
0.32773827326273386,0.36619159520249034,0.39579454939420766,-0.39582811975463117,0.35157322916348765
0.3288445692312387,0.3663441877498703,0.39579454939420766,-0.39582811975463117,0.4199346903897214
0.3299127170628986,0.36619159520249034,0.39579454939420766,-0.39582811975463117,0.35352641376995153
0.3309045686208685,0.3663441877498703,0.39579454939420766,-0.39582811975463117,0.3691518906216621
0.33189642017883836,0.3666112247077853,0.39579454939420766,-0.39582811975463117,0.35938596758934294
0.33292641987365323,0.3666112247077853,0.39579454939420766,-0.39582811975463117,0.3613391521958068
0.3341471602526933,0.3665730765709403,0.39579454939420766,-0.39582811975463117,0.4277474288155767
0.3351390118106632,0.36684011352885526,0.39579454939420766,-0.39582811975463117,0.3496200445570239
0.33616901150547807,0.36684011352885526,0.39579454939420766,-0.39582811975463117,0.35157322916348765
0.33716086306344806,0.36676381725516527,0.39579454939420766,-0.39582811975463117,0.3613391521958068
0.3384197515793329,0.36703085421308024,0.39579454939420766,-0.39582811975463117,0.43165379802850434
0.3394878994109928,0.36710715048677023,0.39579454939420766,-0.39582811975463117,0.3496200445570239
0.34044160283211766,0.36684011352885526,0.39579454939420766,-0.39582811975463117,0.35352641376995153
0.34147160252693254,0.36710715048677023,0.39579454939420766,-0.39582811975463117,0.35352641376995153
0.3428067873165074,0.3672215948973052,0.39579454939420766,-0.39582811975463117,0.4336069826349681
0.34379863887447737,0.36687826166570026,0.39579454939420766,-0.39582811975463117,0.35157322916348765
0.34490493484298224,0.3672978911709952,0.39579454939420766,-0.39582811975463117,0.3964964751121556
0.3460875270851773,0.3673360393078402,0.39579454939420766,-0.39582811975463117,0.35743278298287917
0.3470793786431472,0.36699270607623524,0.39579454939420766,-0.39582811975463117,0.3671987060151982
0.3480330820642721,0.3673360393078402,0.39579454939420766,-0.39582811975463117,0.3554795983764153
0.34921567430646694,0.3674886318552202,0.39579454939420766,-0.39582811975463117,0.3632923368022706
0.3504745628223518,0.3671834467604602,0.39579454939420766,-0.39582811975463117,0.4277474288155767
0.3513519699697867,0.3675267799920652,0.39579454939420766,-0.39582811975463117,0.3496200445570239
0.35253456221198154,0.36764122440260016,0.39579454939420766,-0.39582811975463117,0.35352641376995153
0.3536408581804865,0.3673741874446852,0.39579454939420766,-0.39582811975463117,0.3632923368022706
0.3547471541489914,0.36767937253944516,0.39579454939420766,-0.39582811975463117,0.42970061342204047
0.35600604266487634,0.36783196508682514,0.39579454939420766,-0.39582811975463117,0.35157322916348765
0.3570360423596912,0.3674886318552202,0.39579454939420766,-0.39582811975463117,0.3496200445570239
0.3578753013702811,0.36779381694998015,0.39579454939420766,-0.39582811975463117,0.35157322916348765
0.35940122684408093,0.3680608539078951,0.39579454939420766,-0.39582811975463117,0.4414197210608234
0.3603930784020508,0.36775566881313515,0.39579454939420766,-0.39582811975463117,0.3496200445570239
0.3614612262337107,0.3681371501815851,0.39579454939420766,-0.39582811975463117,0.3964964751121556
0.36268196661275054,0.3681752983184301,0.39579454939420766,-0.39582811975463117,0.35743278298287917
0.3637119663075655,0.3679845576342051,0.39579454939420766,-0.39582811975463117,0.3632923368022706
0.3646656697286904,0.3682515945921201,0.39579454939420766,-0.39582811975463117,0.35743278298287917
0.36592455824457537,0.36840418713950007,0.39579454939420766,-0.39582811975463117,0.3632923368022706
0.3671834467604602,0.3681371501815851,0.39579454939420766,-0.39582811975463117,0.4277474288155767
0.3680608539078951,0.36844233527634507,0.39579454939420766,-0.39582811975463117,0.35157322916348765
0.36935789056062496,0.36851863155003506,0.39579454939420766,-0.39582811975463117,0.35157322916348765
0.3704641865291298,0.3683278908658101,0.39579454939420766,-0.39582811975463117,0.35938596758934294
0.3714941862239447,0.36855677968688005,0.39579454939420766,-0.39582811975463117,0.42970061342204047
0.37279122287667454,0.36867122409741504,0.39579454939420766,-0.39582811975463117,0.35157322916348765
0.37389751884517963,0.36851863155003506,0.39579454939420766,-0.39582811975463117,0.35352641376995153
0.37469862971892454,0.36870937223426004,0.39579454939420766,-0.39582811975463117,0.3554795983764153
0.37622455519272446,0.36874752037110503,0.39579454939420766,-0.39582811975463117,0.42970061342204047
0.37729270302438433,0.36867122409741504,0.39579454939420766,-0.39582811975463117,0.35157322916348765
0.3783608508560442,0.368900112918485,0.39579454939420766,-0.39582811975463117,0.3964964751121556
0.37961973937192905,0.368900112918485,0.39579454939420766,-0.39582811975463117,0.35157322916348765
0.3807260353404339,0.36878566850795,0.39579454939420766,-0.39582811975463117,0.35352641376995153
0.3816034424878688,0.368976409192175,0.39579454939420766,-0.39582811975463117,0.35157322916348765
0.38316751609851374,0.36901455732902,0.39579454939420766,-0.39582811975463117,0.4394665364543596
0.3843119602038636,0.368900112918485,0.39579454939420766,-0.39582811975463117,0.35743278298287917
0.3852275154881437,0.369129001739555,0.39579454939420766,-0.39582811975463117,0.36524552140873445
0.38652455214087356,0.369052705465865,0.39579454939420766,-0.39582811975463117,0.3554795983764153
0.3877071443830684,0.36901455732902,0.39579454939420766,-0.39582811975463117,0.35743278298287917
0.38888973662526327,0.369129001739555,0.39579454939420766,-0.39582811975463117,0.4336069826349681
0.3901486251411481,0.369129001739555,0.39579454939420766,-0.39582811975463117,0.35157322916348765
0.391331217383343,0.369129001739555,0.39579454939420766,-0.39582811975463117,0.3496200445570239
0.39236121707815796,0.369205298013245,0.39579454939420766,-0.39582811975463117,0.3632923368022706
0.3938489944151128,0.369129001739555,0.39579454939420766,-0.39582811975463117,0.42970061342204047
0.39499343852046276,0.3691671498764,0.39579454939420766,-0.39582811975463117,0.35157322916348765
0.3961378826258126,0.369205298013245,0.39579454939420766,-0.39582811975463117,0.39063692129276406
0.3973586230048525,0.3691671498764,0.39579454939420766,-0.39582811975463117,0.35157322916348765
0.3986175115207373,0.369205298013245,0.39579454939420766,-0.39582811975463117,0.3750114444410535
0.3996475112155522,0.36924344615008997,0.39579454939420766,-0.39582811975463117,0.35157322916348765
0.40105899227881703,0.3691671498764,0.39579454939420766,-0.39582811975463117,0.41798150578325755
0.402241584521012,0.369205298013245,0.39579454939420766,-0.39582811975463117,0.3632923368022706
0.40334788048951686,0.36928159428693497,0.39579454939420766,-0.39582811975463117,0.3613391521958068
0.4045686208685568,0.369205298013245,0.39579454939420766,-0.39582811975463117,0.3554795983764153
0.4056749168370617,0.36924344615008997,0.39579454939420766,-0.39582811975463117,0.3632923368022706
0.4070863979003265,0.36924344615008997,0.39579454939420766,-0.39582811975463117,0.4277474288155767
0.4083071382793664,0.3691671498764,0.39579454939420766,-0.39582811975463117,0.3496200445570239
0.40941343424787124,0.36924344615008997,0.39579454939420766,-0.39582811975463117,0.3496200445570239
0.4106341746269111,0.36928159428693497,0.39579454939420766,-0.39582811975463117,0.3613391521958068
0.41196935941648616,0.3691671498764,0.39579454939420766,-0.39582811975463117,0.43165379802850434
0.413190099795526,0.36924344615008997,0.39579454939420766,-0.39582811975463117,0.35157322916348765
0.414372692037721,0.36931974242377996,0.39579454939420766,-0.39582811975463117,0.3496200445570239
0.41544083986938085,0.369205298013245,0.39579454939420766,-0.39582811975463117,0.35157322916348765
0.4168523209326457,0.36928159428693497,0.39579454939420766,-0.39582811975463117,0.43751335184789575
0.4181493575853755,0.36939603869746995,0.39579454939420766,-0.39582811975463117,0.35352641376995153
0.4192938016907254,0.36924344615008997,0.39579454939420766,-0.39582811975463117,0.3964964751121556
0.42043824579607525,0.36931974242377996,0.39579454939420766,-0.39582811975463117,0.35352641376995153
0.4217734305856502,0.36939603869746995,0.39579454939420766,-0.39582811975463117,0.3691518906216621
0.42284157841731007,0.36928159428693497,0.39579454939420766,-0.39582811975463117,0.3554795983764153
0.42398602252265993,0.36935789056062496,0.39579454939420766,-0.39582811975463117,0.3613391521958068
0.42555009613330497,0.36939603869746995,0.39579454939420766,-0.39582811975463117,0.42970061342204047
0.42654194769127485,0.36931974242377996,0.39579454939420766,-0.39582811975463117,0.3496200445570239
0.4277245399334697,0.36939603869746995,0.39579454939420766,-0.39582811975463117,0.35352641376995153
0.42909787285988954,0.36943418683431495,0.39579454939420766,-0.39582811975463117,0.3632923368022706
0.4302804651020844,0.36935789056062496,0.39579454939420766,-0.39582811975463117,0.4257942442091128
0.43150120548112436,0.36947233497115994,0.39579454939420766,-0.39582811975463117,0.35157322916348765
0.4328363902706992,0.36951048310800494,0.39579454939420766,-0.39582811975463117,0.35157322916348765
0.4338663899655142,0.36947233497115994,0.39579454939420766,-0.39582811975463117,0.3496200445570239
0.435316019165624,0.36951048310800494,0.39579454939420766,-0.39582811975463117,0.44337290566728726
0.43676564836573384,0.36954863124484993,0.39579454939420766,-0.39582811975463117,0.3496200445570239
0.4377956480605487,0.36954863124484993,0.39579454939420766,-0.39582811975463117,0.3964964751121556
0.43909268471327856,0.36954863124484993,0.39579454939420766,-0.39582811975463117,0.35743278298287917
0.4405804620502335,0.3696249275185399,0.39579454939420766,-0.39582811975463117,0.3632923368022706
0.4414960173345134,0.3696249275185399,0.39579454939420766,-0.39582811975463117,0.35743278298287917
0.44267860957670824,0.36958677938169493,0.39579454939420766,-0.39582811975463117,0.35938596758934294
0.44450972014526813,0.3696249275185399,0.39579454939420766,-0.39582811975463117,0.4336069826349681
0.445425275429548,0.3696630756553849,0.39579454939420766,-0.39582811975463117,0.3496200445570239
0.44664601580858787,0.3696630756553849,0.39579454939420766,-0.39582811975463117,0.3496200445570239
0.4481337931455427,0.3697393719290749,0.39579454939420766,-0.39582811975463117,0.36524552140873445
0.44927823725089255,0.3696630756553849,0.39579454939420766,-0.39582811975463117,0.4257942442091128
0.4505752739036226,0.3696249275185399,0.39579454939420766,-0.39582811975463117,0.35157322916348765
0.45213934751426743,0.3696630756553849,0.39579454939420766,-0.39582811975463117,0.3496200445570239
0.4530930509353923,0.3696630756553849,0.39579454939420766,-0.39582811975463117,0.35157322916348765
0.45450453199865726,0.36958677938169493,0.39579454939420766,-0.39582811975463117,0.4394665364543596
0.45614490188299206,0.36958677938169493,0.39579454939420766,-0.39582811975463117,0.3496200445570239
0.45717490157780694,0.3696630756553849,0.39579454939420766,-0.39582811975463117,0.3964964751121556
0.4584337900936918,0.36954863124484993,0.39579454939420766,-0.39582811975463117,0.3496200445570239
0.4599597155674916,0.36958677938169493,0.39579454939420766,-0.39582811975463117,0.3554795983764153
0.4609515671254616,0.3696249275185399,0.39579454939420766,-0.39582811975463117,0.35157322916348765
0.4625156407361064,0.36951048310800494,0.39579454939420766,-0.39582811975463117,0.4394665364543596
0.46404156620990644,0.3696249275185399,0.39579454939420766,-0.39582811975463117,0.35743278298287917
0.4649952696310313,0.3696630756553849,0.39579454939420766,-0.39582811975463117,0.3632923368022706
0.46629230628376117,0.36951048310800494,0.39579454939420766,-0.39582811975463117,0.35743278298287917
0.467932676168096,0.36954863124484993,0.39579454939420766,-0.39582811975463117,0.35938596758934294
0.46907712027344584,0.3696630756553849,0.39579454939420766,-0.39582811975463117,0.43165379802850434
0.4703741569261758,0.36951048310800494,-0.39582811975463117,0.39579454939420766,0.35352641376995153
0.4719763786736656,0.36947233497115994,-0.39582811975463117,0.39579454939420766,0.35157322916348765
0.4730063783684805,0.36958677938169493,-0.39582811975463117,0.39579454939420766,0.3632923368022706
0.4744560075685904,0.36954863124484993,-0.39582811975463117,0.39579454939420766,0.4277474288155767
0.47586748863185524,0.3696630756553849,-0.39582811975463117,0.39579454939420766,0.35938596758934294
0.4768593401898251,0.3697775200659199,-0.39582811975463117,0.39579454939420766,0.38477736747337266
0.47804193243202,0.36951048310800494,-0.39582811975463117,0.39579454939420766,0.35743278298287917
0.4795297097689748,0.3696630756553849,-0.39582811975463117,0.39579454939420766,0.3671987060151982
0.48014007995849484,0.3700064088869899,-0.39582811975463117,0.39579454939420766,0.35157322916348765
0.4814752647480697,0.36947233497115994,-0.39582811975463117,0.39579454939420766,0.41798150578325755
0.4829248939481795,0.3598590044862209,-0.39582811975463117,0.39579454939420766,0.3632923368022706
0.48353526413769954,0.3700445570238349,-0.39582811975463117,0.39579454939420766,0.3632923368022706
0.4845652638325144,0.36951048310800494,-0.39582811975463117,0.39579454939420766,0.35157322916348765
0.4861293374431592,0.36947233497115994,-0.39582811975463117,0.39579454939420766,0.36524552140873445
0.48685415204321414,0.3700064088869899,-0.39582811975463117,0.39579454939420766,0.4257942442091128
0.488036744285409,0.36947233497115994,-0.39582811975463117,0.39579454939420766,0.35352641376995153
0.48944822534867405,0.36947233497115994,-0.39582811975463117,0.39579454939420766,0.35352641376995153
0.49017303994872896,0.3698538163396099,-0.39582811975463117,0.39579454939420766,0.3613391521958068
0.4915463728751488,0.36939603869746995,-0.39582811975463117,0.39579454939420766,0.4257942442091128
0.49284340952787864,0.36943418683431495,-0.39582811975463117,0.39579454939420766,0.35352641376995153
0.49353007599108867,0.3698538163396099,-0.39582811975463117,0.39579454939420766,0.35157322916348765
0.49459822382274854,0.36947233497115994,-0.39582811975463117,0.39579454939420766,0.3613391521958068
0.49616229743339335,0.36943418683431495,-0.39582811975463117,0.39579454939420766,0.4257942442091128
0.49688711203344826,0.3698919644764549,-0.39582811975463117,0.39579454939420766,0.35157322916348765
0.4981460005493331,0.36939603869746995,-0.39582811975463117,0.39579454939420766,0.3964964751121556
0.49940488906521807,0.36935789056062496,-0.39582811975463117,0.39579454939420766,0.35938596758934294
0.500205999938963,0.3698156682027649,-0.39582811975463117,0.39579454939420766,0.36524552140873445
0.5013504440443128,0.36939603869746995,-0.39582811975463117,0.39579454939420766,0.35352641376995153
0.5026093325601977,0.36924344615008997,-0.39582811975463117,0.39579454939420766,0.36524552140873445
0.5036774803918578,0.3696630756553849,-0.39582811975463117,0.39579454939420766,0.4257942442091128
0.5048600726340526,0.36935789056062496,-0.39582811975463117,0.39579454939420766,0.35157322916348765
0.5060426648762475,0.36928159428693497,-0.39582811975463117,0.39579454939420766,0.3554795983764153
0.5069582201605274,0.36958677938169493,-0.39582811975463117,0.39579454939420766,0.3613391521958068
0.5084078493606372,0.36935789056062496,-0.39582811975463117,0.39579454939420766,0.4257942442091128
0.5094378490554521,0.36928159428693497,-0.39582811975463117,0.39579454939420766,0.3496200445570239
0.510391552476577,0.36954863124484993,-0.39582811975463117,0.39579454939420766,0.35352641376995153
0.5116504409924618,0.36939603869746995,-0.39582811975463117,0.39579454939420766,0.35743278298287917
0.5130237739188819,0.36928159428693497,-0.39582811975463117,0.39579454939420766,0.4336069826349681
0.5139393292031618,0.36943418683431495,-0.39582811975463117,0.39579454939420766,0.35743278298287917
0.5153889584032716,0.36928159428693497,-0.39582811975463117,0.39579454939420766,0.3886837366863003
0.5163808099612415,0.3691671498764,-0.39582811975463117,0.39579454939420766,0.3613391521958068
0.5173726615192114,0.369205298013245,-0.39582811975463117,0.39579454939420766,0.3632923368022706
0.5185934018982512,0.36924344615008997,-0.39582811975463117,0.39579454939420766,0.35352641376995153
0.5196234015930663,0.369129001739555,-0.39582811975463117,0.39579454939420766,0.36524552140873445
0.5207296975615712,0.369052705465865,-0.39582811975463117,0.39579454939420766,0.4257942442091128
0.522026734214301,0.3691671498764,-0.39582811975463117,0.39579454939420766,0.35352641376995153
0.5229422894985809,0.369129001739555,-0.39582811975463117,0.39579454939420766,0.35157322916348765
0.5237815485091708,0.368976409192175,-0.39582811975463117,0.39579454939420766,0.3632923368022706
0.5252311777092806,0.3691671498764,-0.39582811975463117,0.39579454939420766,0.42384105960264906
0.5261085848567155,0.369052705465865,-0.39582811975463117,0.39579454939420766,0.35352641376995153
0.5269096957304604,0.368900112918485,-0.39582811975463117,0.39579454939420766,0.35157322916348765
0.5280922879726553,0.369052705465865,-0.39582811975463117,0.39579454939420766,0.35938596758934294
0.5291222876674704,0.369052705465865,-0.39582811975463117,0.39579454939420766,0.4257942442091128
0.5299615466780603,0.36878566850795,-0.39582811975463117,0.39579454939420766,0.35157322916348765
0.5312204351939451,0.369052705465865,-0.39582811975463117,0.39579454939420766,0.3964964751121556
0.531945249794,0.36901455732902,-0.39582811975463117,0.39579454939420766,0.35938596758934294
0.5327845088045899,0.36878566850795,-0.39582811975463117,0.39579454939420766,0.36524552140873445
0.5339289529099398,0.36901455732902,-0.39582811975463117,0.39579454939420766,0.35352641376995153
0.5347682119205297,0.369052705465865,-0.39582811975463117,0.39579454939420766,0.3964964751121556
0.5354930265205846,0.36874752037110503,-0.39582811975463117,0.39579454939420766,0.36524552140873445
0.5365611743522445,0.36901455732902,-0.39582811975463117,0.39579454939420766,0.35938596758934294
0.5373622852259894,0.369205298013245,-0.39582811975463117,0.39579454939420766,0.35352641376995153
0.5380489516891993,0.36878566850795,-0.39582811975463117,0.39579454939420766,0.3632923368022706
0.5392696920682394,0.369052705465865,-0.39582811975463117,0.39579454939420766,0.45118564409314255
0.5400708029419843,0.36928159428693497,-0.39582811975463117,0.39579454939420766,0.35157322916348765
0.5407574694051942,0.36870937223426004,-0.39582811975463117,0.39579454939420766,0.35157322916348765
0.5415967284157841,0.36893826105533,-0.39582811975463117,0.39579454939420766,0.35743278298287917
0.5425885799737542,0.369205298013245,-0.39582811975463117,0.39579454939420766,0.43165379802850434
0.5432370983001191,0.36859492782372505,-0.39582811975463117,0.39579454939420766,0.35938596758934294
0.544190801721244,0.368976409192175,-0.39582811975463117,0.39579454939420766,0.38477736747337266
0.5449537644581439,0.369052705465865,-0.39582811975463117,0.39579454939420766,0.35743278298287917
0.5456785790581988,0.36851863155003506,-0.39582811975463117,0.39579454939420766,0.3691518906216621
0.5464415417950987,0.36878566850795,-0.39582811975463117,0.39579454939420766,0.35157322916348765
0.5473952452162236,0.369052705465865,-0.39582811975463117,0.39579454939420766,0.4160283211767938
0.5480056154057436,0.36844233527634507,-0.39582811975463117,0.39579454939420766,0.36524552140873445
0.5488067262794885,0.36874752037110503,-0.39582811975463117,0.39579454939420766,0.3613391521958068
0.5496078371532334,0.369052705465865,-0.39582811975463117,0.39579454939420766,0.35352641376995153
0.5503326517532883,0.36844233527634507,-0.39582811975463117,0.39579454939420766,0.3632923368022706
0.5510956144901882,0.36870937223426004,-0.39582811975463117,0.39579454939420766,0.4277474288155767
0.5519730216376233,0.369052705465865,-0.39582811975463117,0.39579454939420766,0.3496200445570239
0.5526596881008332,0.3683660390026551,-0.39582811975463117,0.39579454939420766,0.35352641376995153
0.5532700582903531,0.36844233527634507,-0.39582811975463117,0.39579454939420766,0.3632923368022706
0.554261909848323,0.36901455732902,-0.39582811975463117,0.39579454939420766,0.4277474288155767
0.5549485763115329,0.3681752983184301,-0.39582811975463117,0.39579454939420766,0.3554795983764153
0.5555207983642079,0.3683660390026551,-0.39582811975463117,0.39579454939420766,0.3632923368022706
0.5563982055116428,0.36893826105533,-0.39582811975463117,0.39579454939420766,0.35352641376995153
0.5572756126590777,0.3680608539078951,-0.39582811975463117,0.39579454939420766,0.4160283211767938
0.5577715384380628,0.3682897427289651,-0.39582811975463117,0.39579454939420766,0.35157322916348765
0.5587633899960327,0.36874752037110503,-0.39582811975463117,0.39579454939420766,0.39844965971861934
0.5594882045960876,0.3680608539078951,-0.39582811975463117,0.39579454939420766,0.35938596758934294
0.5599078341013826,0.3682515945921201,-0.39582811975463117,0.39579454939420766,0.3671987060151982
0.5608233893856625,0.36867122409741504,-0.39582811975463117,0.39579454939420766,0.35352641376995153
0.5616245002594074,0.3680990020447401,-0.39582811975463117,0.39579454939420766,0.3632923368022706
0.5620822779015473,0.3682515945921201,-0.39582811975463117,0.39579454939420766,0.4277474288155767
0.5630359813226722,0.36867122409741504,-0.39582811975463117,0.39579454939420766,0.35157322916348765
0.5637607959227271,0.3680227057710501,-0.39582811975463117,0.39579454939420766,0.35157322916348765
0.5640659810174871,0.3679845576342051,-0.39582811975463117,0.39579454939420766,0.3632923368022706
0.5651341288491469,0.36867122409741504,-0.39582811975463117,0.39579454939420766,0.4257942442091128
0.5659733878597368,0.36790826136051513,-0.39582811975463117,0.39579454939420766,0.35352641376995153
0.5660878322702718,0.36783196508682514,-0.39582811975463117,0.39579454939420766,0.3496200445570239
0.5668889431440167,0.36855677968688005,-0.39582811975463117,0.39579454939420766,0.35938596758934294
0.5679952391125218,0.36775566881313515,-0.39582811975463117,0.39579454939420766,0.43165379802850434
0.5680333872493668,0.36783196508682514,-0.39582811975463117,0.39579454939420766,0.35938596758934294
0.5690633869441817,0.36844233527634507,-0.39582811975463117,0.39579454939420766,0.3867305520798364
0.5698644978179266,0.36775566881313515,-0.39582811975463117,0.39579454939420766,0.3613391521958068
0.5699407940916166,0.36771752067629015,-0.39582811975463117,0.39579454939420766,0.36524552140873445
0.5707419049653615,0.3682897427289651,-0.39582811975463117,0.39579454939420766,0.35352641376995153
0.5716574602496416,0.36767937253944516,-0.39582811975463117,0.39579454939420766,0.3632923368022706
0.5717719046601766,0.36767937253944516,-0.39582811975463117,0.39579454939420766,0.4257942442091128
0.5726493118076115,0.3681371501815851,-0.39582811975463117,0.39579454939420766,0.35157322916348765
0.5734122745445114,0.36764122440260016,-0.39582811975463117,0.39579454939420766,0.35352641376995153
0.5734504226813564,0.36760307626575517,-0.39582811975463117,0.39579454939420766,0.3632923368022706
0.5743659779656363,0.3680608539078951,-0.39582811975463117,0.39579454939420766,0.4257942442091128
0.5751670888393812,0.36760307626575517,-0.39582811975463117,0.39579454939420766,0.35157322916348765
0.5751289407025362,0.3675649281289102,-0.39582811975463117,0.39579454939420766,0.35352641376995153
0.5758156071657461,0.3680608539078951,-0.39582811975463117,0.39579454939420766,0.35938596758934294
0.576807458723716,0.3675649281289102,-0.39582811975463117,0.39579454939420766,0.4257942442091128
0.576807458723716,0.3675649281289102,-0.39582811975463117,0.39579454939420766,0.35157322916348765
0.5776085695974609,0.3680608539078951,-0.39582811975463117,0.39579454939420766,0.3964964751121556
0.5785241248817408,0.36764122440260016,-0.39582811975463117,0.39579454939420766,0.35743278298287917
0.5784096804712058,0.3675267799920652,-0.39582811975463117,0.39579454939420766,0.3671987060151982
0.5789437543870357,0.3680227057710501,-0.39582811975463117,0.39579454939420766,0.35157322916348765
0.5801644947660756,0.36760307626575517,-0.39582811975463117,0.39579454939420766,0.3964964751121556
0.5800119022186956,0.3674886318552202,-0.39582811975463117,0.39579454939420766,0.3632923368022706
0.5804696798608355,0.36790826136051513,-0.39582811975463117,0.39579454939420766,0.3613391521958068
0.5816522721030306,0.36760307626575517,-0.39582811975463117,0.39579454939420766,0.3554795983764153
0.5815378276924956,0.3673741874446852,-0.39582811975463117,0.39579454939420766,0.36524552140873445
0.5820719016083256,0.36779381694998015,-0.39582811975463117,0.39579454939420766,0.44532609027375103
0.5831400494399854,0.3674504837183752,-0.39582811975463117,0.39579454939420766,0.35352641376995153
0.5828730124820705,0.3673360393078402,-0.39582811975463117,0.39579454939420766,0.35157322916348765
0.5832926419873654,0.36767937253944516,-0.39582811975463117,0.39579454939420766,0.3632923368022706
0.5845133823664053,0.3673360393078402,-0.39582811975463117,0.39579454939420766,0.4257942442091128
0.5842081972716453,0.3673360393078402,-0.39582811975463117,0.39579454939420766,0.35938596758934294
0.5847804193243202,0.36760307626575517,-0.39582811975463117,0.39579454939420766,0.38477736747337266
0.5857341227454451,0.3673360393078402,-0.39582811975463117,0.39579454939420766,0.35938596758934294
0.5855052339243751,0.3673360393078402,-0.39582811975463117,0.39579454939420766,0.36524552140873445
0.5858867152928251,0.3675649281289102,-0.39582811975463117,0.39579454939420766,0.3554795983764153
0.586954863124485,0.3673741874446852,-0.39582811975463117,0.39579454939420766,0.4160283211767938
0.586725974303415,0.3673741874446852,-0.39582811975463117,0.39579454939420766,0.36524552140873445
0.58714560380871,0.3675267799920652,-0.39582811975463117,0.39579454939420766,0.35938596758934294
0.5880611590929898,0.3673741874446852,-0.39582811975463117,0.39579454939420766,0.35352641376995153
0.5879085665456099,0.3674504837183752,-0.39582811975463117,0.39579454939420766,0.36524552140873445
0.5883663441877498,0.3675267799920652,-0.39582811975463117,0.39579454939420766,0.4257942442091128
0.5892056031983397,0.3673741874446852,-0.39582811975463117,0.39579454939420766,0.35157322916348765
0.5889767143772697,0.3674123355815302,-0.39582811975463117,0.39579454939420766,0.35352641376995153
0.5892818994720297,0.3675267799920652,-0.39582811975463117,0.39579454939420766,0.3613391521958068
0.5902737510299996,0.3674123355815302,-0.39582811975463117,0.39579454939420766,0.42970061342204047
0.5900067140720846,0.3674504837183752,-0.39582811975463117,0.39579454939420766,0.35743278298287917
0.5903118991668446,0.3675267799920652,-0.39582811975463117,0.39579454939420766,0.35938596758934294
0.5912274544511247,0.3674123355815302,-0.39582811975463117,0.39579454939420766,0.35352641376995153
0.5911130100405897,0.3674504837183752,-0.39582811975463117,0.39579454939420766,0.41798150578325755
0.5913800469985047,0.3674886318552202,-0.39582811975463117,0.39579454939420766,0.35352641376995153
0.5923337504196295,0.3674123355815302,-0.39582811975463117,0.39579454939420766,0.3945432905056917
0.5921048615985596,0.3674886318552202,-0.39582811975463117,0.39579454939420766,0.35938596758934294
0.5922956022827846,0.3674504837183752,-0.39582811975463117,0.39579454939420766,0.3671987060151982
0.5932874538407544,0.3673360393078402,-0.39582811975463117,0.39579454939420766,0.35352641376995153
0.5931348612933744,0.3674886318552202,-0.39582811975463117,0.39579454939420766,0.3632923368022706
0.5932874538407544,0.3674504837183752,-0.39582811975463117,0.39579454939420766,0.4277474288155767
0.5942411572618793,0.3673741874446852,-0.39582811975463117,0.39579454939420766,0.35352641376995153
0.5939741203039643,0.3675267799920652,-0.39582811975463117,0.39579454939420766,0.35157322916348765
0.5940122684408093,0.3674886318552202,-0.39582811975463117,0.39579454939420766,0.3632923368022706
0.5950804162724692,0.3673741874446852,-0.39582811975463117,0.39579454939420766,0.42384105960264906
0.5948133793145542,0.3675649281289102,-0.39582811975463117,0.39579454939420766,0.35352641376995153
0.5948133793145542,0.3674886318552202,-0.39582811975463117,0.39579454939420766,0.35352641376995153
0.5958052308725241,0.3673360393078402,-0.39582811975463117,0.39579454939420766,0.35938596758934294
0.5955763420514542,0.36760307626575517,-0.39582811975463117,0.39579454939420766,0.42970061342204047
0.5956526383251441,0.3674504837183752,-0.39582811975463117,0.39579454939420766,0.35743278298287917
0.5965300454725793,0.3673741874446852,-0.39582811975463117,0.39579454939420766,0.3867305520798364
0.5962630085146641,0.3675649281289102,-0.39582811975463117,0.39579454939420766,0.3613391521958068
0.5963011566515091,0.3674123355815302,-0.39582811975463117,0.39579454939420766,0.3613391521958068
0.5971022675252542,0.3672978911709952,-0.39582811975463117,0.39579454939420766,0.35743278298287917
0.5969115268410292,0.3675267799920652,-0.39582811975463117,0.39579454939420766,0.3632923368022706
0.5969115268410292,0.3673360393078402,-0.39582811975463117,0.39579454939420766,0.4277474288155767
0.5976744895779291,0.3672215948973052,-0.39582811975463117,0.39579454939420766,0.35157322916348765
0.5974456007568592,0.3674504837183752,-0.39582811975463117,0.39579454939420766,0.35352641376995153
0.5973311563463242,0.3672215948973052,-0.39582811975463117,0.39579454939420766,0.3613391521958068
0.5981704153569141,0.3671834467604602,-0.39582811975463117,0.39579454939420766,0.4257942442091128
0.5979415265358441,0.3674504837183752,-0.39582811975463117,0.39579454939420766,0.35157322916348765
0.5978652302621541,0.3672978911709952,-0.39582811975463117,0.39579454939420766,0.35157322916348765
0.598513748588519,0.3671452986236152,-0.39582811975463117,0.39579454939420766,0.3613391521958068
0.598437452314829,0.3674504837183752,-0.39582811975463117,0.39579454939420766,0.4257942442091128
0.598323007904294,0.3672215948973052,-0.39582811975463117,0.39579454939420766,0.35352641376995153
0.598971526230659,0.3671452986236152,-0.39582811975463117,0.39579454939420766,0.3945432905056917
0.598780785546434,0.3674123355815302,-0.39582811975463117,0.39579454939420766,0.35743278298287917
0.598704489272744,0.3671452986236152,-0.39582811975463117,0.39579454939420766,0.3671987060151982
0.5992767113254189,0.36706900234992523,-0.39582811975463117,0.39579454939420766,0.35157322916348765
0.599124118778039,0.3673741874446852,-0.39582811975463117,0.39579454939420766,0.39844965971861934
0.599047822504349,0.3671452986236152,-0.39582811975463117,0.39579454939420766,0.3632923368022706
0.5996200445570239,0.36703085421308024,-0.39582811975463117,0.39579454939420766,0.3613391521958068
0.5994674520096439,0.3673741874446852,-0.39582811975463117,0.39579454939420766,0.35352641376995153
0.5992767113254189,0.3672215948973052,-0.39582811975463117,0.39579454939420766,0.3632923368022706
0.5998489333780939,0.36710715048677023,-0.39582811975463117,0.39579454939420766,0.44923245948667867
0.5996963408307139,0.3673741874446852,-0.39582811975463117,0.39579454939420766,0.35157322916348765
0.5995818964201789,0.3671452986236152,-0.39582811975463117,0.39579454939420766,0.35157322916348765
0.6000015259254738,0.36703085421308024,-0.39582811975463117,0.39579454939420766,0.3632923368022706
0.5998870815149389,0.3674123355815302,-0.39582811975463117,0.39579454939420766,0.4277474288155767
0.5997726371044039,0.3671834467604602,-0.39582811975463117,0.39579454939420766,0.35743278298287917
0.6001922666096988,0.36706900234992523,-0.39582811975463117,0.39579454939420766,0.3867305520798364
0.6000778221991638,0.3674123355815302,-0.39582811975463117,0.39579454939420766,0.35938596758934294
0.5999633777886288,0.3671834467604602,-0.39582811975463117,0.39579454939420766,0.36524552140873445
0.6003448591570788,0.36706900234992523,-0.39582811975463117,0.39579454939420766,0.35352641376995153
0.6001922666096988,0.3675267799920652,-0.39582811975463117,0.39579454939420766,0.4160283211767938
0.6001159703360088,0.3672215948973052,-0.39582811975463117,0.39579454939420766,0.3632923368022706
0.6004593035676138,0.36710715048677023,-0.39582811975463117,0.39579454939420766,0.3613391521958068
0.6003067110202338,0.3675649281289102,-0.39582811975463117,0.39579454939420766,0.35352641376995153
0.6001541184728538,0.3673360393078402,-0.39582811975463117,0.39579454939420766,0.36524552140873445
0.6004974517044588,0.3671834467604602,-0.39582811975463117,0.39579454939420766,0.4257942442091128
0.6003067110202338,0.36760307626575517,-0.39582811975463117,0.39579454939420766,0.35352641376995153
0.6001922666096988,0.3674123355815302,-0.39582811975463117,0.39579454939420766,0.35157322916348765
0.6004593035676138,0.3672215948973052,-0.39582811975463117,0.39579454939420766,0.3632923368022706
0.6003067110202338,0.36771752067629015,-0.39582811975463117,0.39579454939420766,0.4257942442091128
0.6001541184728538,0.3674886318552202,-0.39582811975463117,0.39579454939420766,0.35938596758934294
0.6003830072939238,0.3672978911709952,-0.39582811975463117,0.39579454939420766,0.3613391521958068
0.6002685628833888,0.36775566881313515,-0.39582811975463117,0.39579454939420766,0.35352641376995153
0.6001159703360088,0.36760307626575517,0.0,0.0,0.41212195196386614
