x,y,dt
0.9540222460161211,0.0479813378384663,
0.9540222460161211,0.0479813378384663,0.008439779281616211
0.9540222460161211,0.0479813378384663,0.008447408676147461
0.9540222460161211,0.0479813378384663,0.03384757041931152
0.9540222460161211,0.0479813378384663,0.008484125137329102
0.9540222460161211,0.0479813378384663,0.008487462997436523
0.9540222460161211,0.0479813378384663,0.008489847183227539
0.9540222460161211,0.0479813378384663,0.008495330810546875
0.9540222460161211,0.0479813378384663,0.016885995864868164
0.9540222460161211,0.0479813378384663,0.008420944213867188
0.9540222460161211,0.0479813378384663,0.008426427841186523
0.9540222460161211,0.0479813378384663,0.008445024490356445
0.9540222460161211,0.0479813378384663,0.008452653884887695
0.9540222460161211,0.0479813378384663,0.008464813232421875
0.9540222460161211,0.0479813378384663,0.008469104766845703
0.9540222460161211,0.0479813378384663,0.008478403091430664
0.9540222460161211,0.0479813378384663,0.008482217788696289
0.9540222460161211,0.0479813378384663,0.008497238159179688
0.9540222460161211,0.0479813378384663,0.008498191833496094
0.9540222460161211,0.0479813378384663,0.008503198623657227
0.9540222460161211,0.0479813378384663,0.008512258529663086
0.9540222460161211,0.0479813378384663,0.008527994155883789
0.9540222460161211,0.0479813378384663,0.016928911209106445
0.9540222460161211,0.0479813378384663,0.008463382720947266
0.9540222460161211,0.0479813378384663,0.008475065231323242
0.9540222460161211,0.0479813378384663,0.008481264114379883
0.9540222460161211,0.0479813378384663,0.008489131927490234
0.9540222460161211,0.0479813378384663,0.008495092391967773
0.9540222460161211,0.0479813378384663,0.00850367546081543
0.9540222460161211,0.0479813378384663,0.008510589599609375
0.9540222460161211,0.0479813378384663,0.008520364761352539
0.9540222460161211,0.0479813378384663,0.00852656364440918
0.9540222460161211,0.0479813378384663,0.008533954620361328
0.9540222460161211,0.0479813378384663,0.01694035530090332
0.9540222460161211,0.0479813378384663,0.008473873138427734
0.9540222460161211,0.0479813378384663,0.008478641510009766
0.9540222460161211,0.0479813378384663,0.008480548858642578
0.9540222460161211,0.0479813378384663,0.008489370346069336
0.9540222460161211,0.0479813378384663,0.008505582809448242
0.9540222460161211,0.0479813378384663,0.00850820541381836
0.9540222460161211,0.0479813378384663,0.008518695831298828
0.9540222460161211,0.0479813378384663,0.008519887924194336
0.9540222460161211,0.0479813378384663,0.008528947830200195
0.9540222460161211,0.0479813378384663,0.016927242279052734
0.9540222460161211,0.0479813378384663,0.008467912673950195
0.9540222460161211,0.0479813378384663,0.008478641510009766
0.9540222460161211,0.0479813378384663,0.008482933044433594
0.9540222460161211,0.0479813378384663,0.008484363555908203
0.9540222460161211,0.0479813378384663,0.008497953414916992
0.9540222460161211,0.0479813378384663,0.008498191833496094
0.9540222460161211,0.0479813378384663,0.008500337600708008
0.9540222460161211,0.0479813378384663,0.008514404296875
0.9540222460161211,0.0479813378384663,0.008515596389770508
0.9540222460161211,0.0479813378384663,0.008524417877197266
0.9540222460161211,0.0479813378384663,0.0169219970703125
0.9540222460161211,0.0479813378384663,0.00844717025756836
0.9540222460161211,0.0479813378384663,0.008450508117675781
0.9540222460161211,0.0479813378384663,0.008458852767944336
0.9540222460161211,0.0479813378384663,0.00846099853515625
0.9540222460161211,0.0479813378384663,0.008472442626953125
0.9540222460161211,0.0479813378384663,0.008477210998535156
0.9540222460161211,0.0479813378384663,0.008484601974487305
0.9540222460161211,0.0479813378384663,0.008492231369018555
0.9540222460161211,0.0479813378384663,0.016885757446289062
0.9540222460161211,0.0479813378384663,0.008418798446655273
0.9540222460161211,0.0479813378384663,0.008427858352661133
0.9540222460161211,0.0479813378384663,0.008429527282714844
0.9540222460161211,0.0479813378384663,0.008434534072875977
0.9540222460161211,0.0479813378384663,0.008440971374511719
0.9540222460161211,0.0479813378384663,0.008455276489257812
0.9540222460161211,0.0479813378384663,0.00845956802368164
0.9540222460161211,0.0479813378384663,0.008471488952636719
0.9540222460161211,0.0479813378384663,0.008476495742797852
0.9540222460161211,0.0479813378384663,0.008481740951538086
0.9540222460161211,0.0479813378384663,0.008490324020385742
0.9540222460161211,0.0479813378384663,0.008493185043334961
0.9540222460161211,0.0479813378384663,0.008501291275024414
0.9540222460161211,0.0479813378384663,0.016901731491088867
0.9540222460161211,0.0479813378384663,0.008431196212768555
0.9540222460161211,0.0479813378384663,0.008441686630249023
0.9540222460161211,0.0479813378384663,0.008450746536254883
0.9540222460161211,0.0479813378384663,0.008454322814941406
0.9540222460161211,0.0479813378384663,0.008457183837890625
0.9540222460161211,0.0479813378384663,0.008466720581054688
0.9540222460161211,0.0479813378384663,0.008470773696899414
0.9540222460161211,0.0479813378384663,0.008481025695800781
0.9540222460161211,0.0479813378384663,0.008490562438964844
0.9540222460161211,0.0479813378384663,0.00849461555480957
0.9540222460161211,0.0479813378384663,0.008500814437866211
0.9540222460161211,0.0479813378384663,0.008513212203979492
0.9540222460161211,0.0479813378384663,0.00851750373840332
0.9540222460161211,0.0479813378384663,0.016908884048461914
0.9540222460161211,0.0479813378384663,0.008442401885986328
0.9540222460161211,0.0479813378384663,0.008451700210571289
0.9540222460161211,0.0479813378384663,0.00846719741821289
0.9540222460161211,0.0479813378384663,0.00848698616027832
0.9540222460161211,0.0479813378384663,0.008493661880493164
0.9540222460161211,0.0479813378384663,0.008498430252075195
0.9540222460161211,0.0479813378384663,0.008520364761352539
0.9540222460161211,0.0479813378384663,0.008520126342773438
0.9540222460161211,0.0479813378384663,0.00852346420288086
0.9540222460161211,0.0479813378384663,0.008536338806152344
0.9540222460161211,0.0479813378384663,0.008539199829101562
0.9540222460161211,0.0479813378384663,0.016933202743530273
0.9540222460161211,0.0479813378384663,0.008468389511108398
0.9540222460161211,0.0479813378384663,0.008475780487060547
0.9540222460161211,0.0479813378384663,0.008480310440063477
0.9540222460161211,0.0479813378384663,0.008486032485961914
0.9540222460161211,0.0479813378384663,0.008494853973388672
0.9540222460161211,0.0479813378384663,0.008498907089233398
0.9540222460161211,0.0479813378384663,0.008508682250976562
0.9540222460161211,0.0479813378384663,0.008519172668457031
0.9540222460161211,0.0479813378384663,0.016910552978515625
0.9540222460161211,0.0479813378384663,0.008448123931884766
0.9540222460161211,0.0479813378384663,0.008457660675048828
0.9540222460161211,0.0479813378384663,0.00846099853515625
0.9540222460161211,0.0479813378384663,0.008472919464111328
0.9540222460161211,0.0479813378384663,0.008478164672851562
0.9540222460161211,0.0479813378384663,0.008481740951538086
0.9540222460161211,0.0479813378384663,0.008490562438964844
0.9540222460161211,0.0479813378384663,0.008498191833496094
0.9540222460161211,0.0479813378384663,0.008503913879394531
0.9540222460161211,0.0479813378384663,0.008509397506713867
0.9540222460161211,0.0479813378384663,0.01691293716430664
0.9540222460161211,0.0479813378384663,0.008440256118774414
0.9540222460161211,0.0479813378384663,0.008450746536254883
0.9540222460161211,0.0479813378384663,0.008453130722045898
0.9540222460161211,0.0479813378384663,0.008463144302368164
0.9540222460161211,0.0479813378384663,0.008467435836791992
0.9540222460161211,0.0479813378384663,0.008470296859741211
0.9540222460161211,0.0479813378384663,0.008479833602905273
0.9540222460161211,0.0479813378384663,0.008483409881591797
0.9540222460161211,0.0479813378384663,0.008493900299072266
0.9540222460161211,0.0479813378384663,0.00849461555480957
0.9540222460161211,0.0479813378384663,0.008502721786499023
0.9540222460161211,0.0479813378384663,0.01690363883972168
0.9540222460161211,0.0479813378384663,0.008429527282714844
0.9540222460161211,0.0479813378384663,0.008432626724243164
0.9540222460161211,0.0479813378384663,0.008440971374511719
0.9540222460161211,0.0479813378384663,0.008445501327514648
0.9540222460161211,0.0479813378384663,0.008456230163574219
0.9540222460161211,0.0479813378384663,0.008465766906738281
0.9540222460161211,0.0479813378384663,0.008475542068481445
0.9540222460161211,0.0479813378384663,0.008481264114379883
0.9540222460161211,0.0479813378384663,0.008488655090332031
0.9540222460161211,0.0479813378384663,0.008505105972290039
0.9540222460161211,0.0479813378384663,0.008506298065185547
0.9540222460161211,0.0479813378384663,0.00851297378540039
0.9540222460161211,0.0479813378384663,0.01691460609436035
0.9540222460161211,0.0479813378384663,0.008451700210571289
0.9540654436256749,0.049171137594949524,0.008465290069580078
0.955873655956061,0.0529763424075385,0.008472919464111328
0.9544532100688277,0.05987534350554102,0.008477926254272461
0.9480231735528927,0.06728087564997477,0.008502721786499023
0.9430855520206789,0.07016970567008164,0.008511781692504883
0.939784959915279,0.07210016152544448,0.008524656295776367
0.9346037472994505,0.06902487362898864,0.008524417877197266
0.9328582258781246,0.06759856549294194,0.008530378341674805
0.9328582258781246,0.06759856549294194,0.008533716201782227
0.9310233717291909,0.06377588398347021,0.008536577224731445
0.9308922304157418,0.06018317041260469,0.008549928665161133
0.9341679305369783,0.05706255975066642,0.016941547393798828
0.9358249827547886,0.056102496787405615,0.008476495742797852
0.9374802537143632,0.05514334374253468,0.008481740951538086
0.9408725319642658,0.055616470590340646,0.008490324020385742
0.9425224067633967,0.05465892589761126,0.008493661880493164
0.9441705142766591,0.05370228558717579,0.008497476577758789
0.9458168580812508,0.05274654790300181,0.008513450622558594
0.9474614417449269,0.05179171109511592,0.008520364761352539
0.9491042688260171,0.050837773419593515,0.00853109359741211
0.9507020464825373,0.048693743423586844,0.016923904418945312
0.9523846674267582,0.04893258852011982,0.008451700210571289
0.9540654436256749,0.049171137594949524,0.008455276489257812
0.9540222460161211,0.0479813378384663,0.008467674255371094
0.9540222460161211,0.0479813378384663,0.00847005844116211
0.9540222460161211,0.0479813378384663,0.00848531723022461
0.9540222460161211,0.0479813378384663,0.008490324020385742
0.9540222460161211,0.0479813378384663,0.008501291275024414
0.9540222460161211,0.0479813378384663,0.008504867553710938
0.9540222460161211,0.0479813378384663,0.008515596389770508
0.9540222460161211,0.0479813378384663,0.016913890838623047
0.9540654436256749,0.049171137594949524,0.008443355560302734
0.9540654436256749,0.049171137594949524,0.008450984954833984
0.9540222460161211,0.0479813378384663,0.008457422256469727
0.9540222460161211,0.0479813378384663,0.00846719741821289
0.9540654436256749,0.049171137594949524,0.008469104766845703
0.9540222460161211,0.0479813378384663,0.008479118347167969
0.9540222460161211,0.0479813378384663,0.008489370346069336
0.9540222460161211,0.0479813378384663,0.008491992950439453
0.9540222460161211,0.0479813378384663,0.00850367546081543
0.9540654436256749,0.049171137594949524,0.008517265319824219
0.9540654436256749,0.049171137594949524,0.008533954620361328
0.9540222460161211,0.0479813378384663,0.01692819595336914
0.9540222460161211,0.0479813378384663,0.008462905883789062
0.9540222460161211,0.0479813378384663,0.0084686279296875
0.9540222460161211,0.0479813378384663,0.008476495742797852
0.9540222460161211,0.0479813378384663,0.008483171463012695
0.9540222460161211,0.0479813378384663,0.008489847183227539
0.9540222460161211,0.0479813378384663,0.008497476577758789
0.9540222460161211,0.0479813378384663,0.008504629135131836
0.9540222460161211,0.0479813378384663,0.008506536483764648
0.9540222460161211,0.0479813378384663,0.008517265319824219
0.9540222460161211,0.0479813378384663,0.008520126342773438
0.9540222460161211,0.0479813378384663,0.016916513442993164
0.9540222460161211,0.0479813378384663,0.008445978164672852
0.9540222460161211,0.0479813378384663,0.008454561233520508
0.9540222460161211,0.0479813378384663,0.008461713790893555
0.9540222460161211,0.0479813378384663,0.008469581604003906
0.9540222460161211,0.0479813378384663,0.008478403091430664
0.9540222460161211,0.0479813378384663,0.008489370346069336
0.953805926394728,0.04203100339191134,0.008501529693603516
0.9568164253514738,0.032999904017770504,0.008510828018188477
0.9391586193649435,0.008972073962254648,0.0169217586517334
0.8662466838695689,0.04517870261874502,0.008477210998535156
0.8575179423493889,0.04883156976889057,0.008489847183227539
0.8468949816367844,0.05102569575869126,0.008494853973388672
0.8289820772128381,0.05347452683355964,0.0084991455078125
0.8108637566152465,0.05594583490555632,0.008509635925292969
0.7943975837278435,0.058689139337860574,0.008512735366821289
0.7758782519079156,0.06120723970354994,0.008518457412719727
0.7590449122314116,0.06399870009314157,0.008522510528564453
0.7401097280753776,0.06656560949771931,0.00852513313293457
0.7035290130528774,0.07202507339368228,0.0169222354888916
0.6859197259141309,0.07491894445076284,0.008455991744995117
0.668067377254304,0.07654457056613838,0.008460044860839844
0.650018640904656,0.07818430744731969,0.008467912673950195
0.6318216055978902,0.08114712452864366,0.00847482681274414
0.6154476058916063,0.08307421157963885,0.008477926254272461
0.5968122835915763,0.08476579711874077,0.00848698616027832
0.5801410705197267,0.08805287395652213,0.008494377136230469
0.5462916557969297,0.09471515838596477,0.016887426376342773
0.526921100743959,0.09784193190426134,0.008421897888183594
0.5094853218871609,0.0998958356764331,0.008430004119873047
0.49192303436932205,0.10332858663996498,0.008433818817138672
0.4741244616981319,0.10542623274287218,0.008437871932983398
0.45619386767514336,0.10891684129621959,0.00844717025756836
0.44032297382937285,0.11130841688591388,0.008456230163574219
0.42198194098996217,0.11347166525922718,0.008465290069580078
0.40344614805121887,0.11565531208940692,0.008477449417114258
0.3847668969691868,0.11926026515438595,0.00847935676574707
0.3682305448088346,0.12174028098785047,0.008493900299072266
0.3491170736089859,0.1239947658939114,0.008497476577758789
0.3299055890579408,0.12911348286475727,0.008500099182128906
0.2931287288452353,0.13400923696694927,0.01689434051513672
0.27571697906481635,0.13661406758752156,0.008432388305664062
0.2581363483687096,0.13924232320168495,0.008435964584350586
0.2403295299910291,0.1404397204195091,0.008446216583251953
0.21980503341903604,0.1428658975851088,0.008455276489257812
0.20430152739571233,0.1458034821293864,0.008460760116577148
0.1860203669310822,0.14852269591419548,0.008473396301269531
0.16750284480003172,0.149785174887927,0.008475303649902344
0.14885589142613423,0.15254873654717405,0.008500337600708008
0.13002196759641305,0.1553386019794959,0.008505582809448242
0.1081870469719927,0.1564102895580407,0.008515119552612305
0.09167316250073339,0.15797725490549064,0.008518695831298828
0.055380531512960976,0.1609092301312675,0.0169222354888916
0.03554470897270988,0.16227456330225043,0.008449316024780273
0.01839163693336079,0.16389393614503392,0.008460283279418945
0.015500793094671513,0.16365210013043538,0.008466720581054688
0.027151716636227924,0.16768976990940845,0.008472204208374023
0.03867684908069592,0.1701717081846885,0.008480310440063477
0.047344285372275564,0.17393334259740578,0.008483171463012695
0.06158195159876205,0.1766151297835799,0.008495330810546875
0.0811076060460025,0.17367351490939245,0.0084991455078125
0.08427804991836599,0.18449821157597882,0.008507251739501953
0.08738769516511154,0.1937931747109374,0.008512735366821289
0.09856858206072336,0.19616369352606403,0.008522272109985352
0.12368832125927273,0.2070648065916734,0.01691722869873047
0.13466313793339407,0.20937593102349603,0.008459329605102539
0.15357774156762674,0.20930236191560433,0.008471488952636719
0.1565294062788994,0.2169288681810385,0.008480310440063477
0.16999380291357702,0.219386783846819,0.008485794067382812
0.18070731372582202,0.22163578137501028,0.00849604606628418
0.2178093450944946,0.23160009559315275,0.008495807647705078
0.22830558177107255,0.23524386880756382,0.008504867553710938
0.2283555616966878,0.23670069914251485,0.008508920669555664
0.2517335914943569,0.24409222810229297,0.016908884048461914
0.26209029784562304,0.24911217661403387,0.008447647094726562
0.2723893467590125,0.2541042538880182,0.008450984954833984
0.28504957246134055,0.25636062448843705,0.008460521697998047
0.2976712493314738,0.26003112410011603,0.00847005844116211
0.30772548773387765,0.2635196864794917,0.008475780487060547
0.3177723045768569,0.2684108777231425,0.008478164672851562
0.3302176768948658,0.273424607515611,0.008488893508911133
0.3424840666110102,0.27558022666078347,0.008495807647705078
0.3523403882954003,0.28039216165039355,0.008500099182128906
0.36450396517264055,0.2839145083179474,0.008510112762451172
0.3862105054847659,0.29075295977496585,0.016903162002563477
0.3981461850976742,0.29420748504573974,0.008441686630249023
0.4076553416176019,0.2975090394519897,0.008453130722045898
0.41949274752400895,0.3023020947862167,0.008456707000732422
0.4312063610917422,0.30568604591107246,0.008466005325317383
0.4405390468616233,0.30892645484500264,0.008479595184326172
0.4521132017079913,0.3122683369045383,0.00848388671875
0.46361098992825794,0.31558816677542495,0.008485078811645508
0.47503314998413637,0.3188861566698439,0.00849461555480957
0.4864236930234032,0.32351811681565484,0.008496284484863281
0.49769650279108624,0.32676864800551736,0.008505582809448242
0.5200224661972047,0.3332063559324212,0.016904115676879883
0.5311191288474628,0.33773204991327166,0.00843191146850586
0.5421020732022925,0.3408947624587527,0.008436441421508789
0.5530143598707643,0.34403712071014236,0.008445024490356445
0.5638978830876941,0.3484846165481198,0.008454084396362305
0.5746706247377508,0.35158264884135904,0.008460521697998047
0.5853747346423926,0.3546609358098661,0.008466482162475586
0.5981541895297953,0.3591162364936122,0.008479595184326172
0.6087094710532672,0.3621492810103743,0.008489131927490234
0.6192379548091976,0.3664668976000337,0.008493185043334961
0.6296605439917161,0.36945781111013104,0.00850224494934082
0.6523847254261622,0.3767465943408997,0.016907453536987305
0.6626005213096665,0.37967579588089667,0.008434295654296875
0.6747989864969747,0.3839361383036553,0.008439302444458008
0.6848762246853796,0.38682328393514326,0.008453369140625
0.6949292934918601,0.39096693559496876,0.008462905883789062
0.7068514211350007,0.3938745175288757,0.008472681045532227
0.7187265458187825,0.3980266773185342,0.008477449417114258
0.7285719996649538,0.4020935311860766,0.008490562438964844
0.7402490067615618,0.4049306857894512,0.008492231369018555
0.749963940549084,0.40894985512884097,0.008496522903442383
0.7614867914762745,0.41174354829788706,0.008501768112182617
0.7729629552808379,0.41576120975084135,0.008511066436767578
0.782445832408856,0.41846716695833963,0.008518218994140625
0.8050182911032914,0.42637427002100864,0.016916990280151367
0.8161499535934249,0.42905862403875344,0.008451700210571289
0.8272381226776838,0.4329472408532167,0.008455038070678711
0.8382485792595726,0.43680871353315703,0.008464574813842773
0.8491822068389128,0.440643351891513,0.008471012115478516
0.8600059955371704,0.4432408503209436,0.008476018905639648
0.870788811356871,0.4470268572135792,0.00848388671875
0.8814973775625068,0.4507869026792393,0.008493423461914062
0.8921325343924138,0.4545212815813756,0.00849604606628418
0.9026621115526219,0.457035955364612,0.008504629135131836
0.9235732241668962,0.46438693449678303,0.01689910888671875
0.9337932993103611,0.46329555754394686,0.00843358039855957
0.9369014464536838,0.4526957480769008,0.008435249328613281
0.9018234724197449,0.42717302545857816,0.00843667984008789
0.8640369870867332,0.39738445070773654,0.00844430923461914
0.827048585831018,0.3644855394363779,0.008450508117675781
0.7910161386615812,0.33089106577885447,0.008457422256469727
0.7541208600679956,0.2965139803013631,0.008467435836791992
0.7163771733211075,0.2625929361302509,0.00847482681274414
0.679753886240535,0.22930026327197606,0.008481025695800781
0.6422703055401109,0.1952384546965951,0.008491277694702148
0.6060358619927553,0.16189888241470943,0.00849461555480957
0.5333141930532361,0.0945543378506814,0.016887903213500977
0.49470334127133797,0.06166688792360761,0.008423566818237305
0.45748400287807744,0.02832605314177605,0.008439779281616211
0.4284883005540382,0.045215135649411355,0.00844264030456543
0.40139596557202223,0.06404342971844036,0.008447885513305664
0.37613389769155536,0.08060279912245139,0.00845956802368164
0.34806733950647,0.09711867763919693,0.008464336395263672
0.3219384774845241,0.11271075519050461,0.008467912673950195
0.2980650120946352,0.13306453854526723,0.00847172737121582
0.2688405258662269,0.15465060923198248,0.00848698616027832
0.24414239676652325,0.17410242213127802,0.008484363555908203
0.21386637434878894,0.19338778704502962,0.008493185043334961
0.1882548933135602,0.21042931354016106,0.008501291275024414
0.1303783812952884,0.2433532620555232,0.016895532608032227
0.09777717208445819,0.25474774972917485,0.008430242538452148
0.06756484715681255,0.2710556225759516,0.00843501091003418
0.045335398331571304,0.28501843596921406,0.008443593978881836
0.017819163050534225,0.3249856793831148,0.008453369140625
0.01826039080649807,0.3403545629342793,0.008461952209472656
0.03312265574452843,0.35623206513284583,0.008473396301269531
0.05080523766586184,0.37513051749894216,0.00847625732421875
0.0740469605365698,0.39704005790094116,0.008482217788696289
0.09127354503607397,0.41255082237988633,0.008490800857543945
0.10838211234498772,0.4294290674512117,0.008495330810546875
0.11976242100941452,0.4430962472099955,0.008499860763549805
0.13394923864072586,0.46268166740602623,0.008508443832397461
0.17546967375554112,0.5043690082322876,0.016906261444091797
0.1919337458634606,0.5263875683803215,0.00843501091003418
0.2108099180041565,0.5452599986658127,0.008436918258666992
0.22430690983932255,0.5655067009817235,0.00844717025756836
0.24025521984936232,0.5841014146359231,0.008455038070678711
0.25605768253658345,0.6025467032667907,0.008467912673950195
0.27174099604371765,0.622287376897448,0.008477449417114258
0.2872331009426614,0.6389996802201638,0.008490800857543945
0.3051110857166046,0.6569017038496859,0.008490324020385742
0.32032995293664546,0.6747640313288037,0.008493661880493164
0.3378907431177918,0.69377553655556,0.008504152297973633
0.35772292201884287,0.7138849672392198,0.008513927459716797
0.3895482589496493,0.7526219095258996,0.016906261444091797
0.4040443794354904,0.7711559053964834,0.008444070816040039
0.4207630317756222,0.7893631428447506,0.008458375930786133
0.43731807008891393,0.8074193989072712,0.00847625732421875
0.4514321523738848,0.8283120120736838,0.008484363555908203
0.4676758388523111,0.8446978686097317,0.00849461555480957
0.4837773061132045,0.8623255491195475,0.00849771499633789
0.5019927425927325,0.882301767843097,0.008502006530761719
0.517781313932893,0.9009995642589798,0.008516073226928711
0.5334223941725718,0.9195559814573759,0.00853276252746582
0.5511114011159786,0.9390460507741927,0.008536815643310547
0.5664468411809601,0.9573145803235156,0.008542299270629883
0.5984460475629517,0.9315700903887256,0.01694178581237793
0.6152394043580965,0.9174326344748924,0.008471250534057617
0.6318612187528733,0.9047672048023148,0.008478641510009766
0.6462336623598764,0.8911677784241925,0.008485794067382812
0.6625080051277067,0.8774606143034626,0.00848841667175293
0.6786076381271188,0.8638977799741293,0.008493185043334961
0.694535478776677,0.8504767563605865,0.008500337600708008
0.7122709478650929,0.836988410819795,0.008502006530761719
0.7278470649562903,0.8238515511124059,0.00850677490234375
0.7584877835885926,0.7967182198158087,0.016905784606933594
0.7754572439140417,0.782559383247117,0.008439302444458008
0.7903544762326369,0.7687200073004588,0.008444547653198242
0.8069786603403987,0.7561076649899783,0.00845026969909668
0.8233941360182121,0.7423997849385756,0.008474111557006836
0.8396249512321504,0.7288417535384616,0.008479118347167969
0.8538742743360563,0.7155572551359697,0.008487701416015625
0.8715466636696834,0.7021634140566764,0.008491277694702148
0.8872444330438206,0.6890373395632349,0.008501529693603516
0.9027712868800133,0.6760495799375502,0.008508920669555664
0.9332990046158981,0.6492911585044259,0.016901254653930664
0.9483052318398086,0.6355277429008211,0.008435964584350586
0.9648258051354377,0.6218336511133981,0.008442878723144531
0.9795281711441042,0.6095226217496105,0.008446216583251953
0.9956893669041113,0.5961159770332993,0.008452177047729492
1.0116672342319717,0.5828555105801699,0.008460283279418945
1.0274656511690698,0.5697380477495642,0.008469104766845703
1.041501820567153,0.5567949462177338,0.008472919464111328
1.0569693462653467,0.5439474312262602,0.00848245620727539
1.0722682136970259,0.5312340165913418,0.008493185043334961
1.088909387629556,0.517513137577965,0.008498668670654297
1.1038678369791688,0.5050722388228307,0.008507490158081055
1.1332786280377876,0.4794552765024956,0.016899824142456055
1.1492144668615416,0.4662972942871861,0.008436203002929688
1.1635128859393942,0.4532620859925272,0.008453845977783203
1.1791410286985142,0.4414665821690099,0.008457660675048828
1.1945672835458745,0.428709769119881,0.00846242904663086
1.2084124332455066,0.4160492555527576,0.008472442626953125
1.2235221427521752,0.4035471621512111,0.008479833602905273
1.2384701256886195,0.3911690150350242,0.008483648300170898
1.2532322320391445,0.37785203718559585,0.008491277694702148
1.2678711373581684,0.36572432003644917,0.008495807647705078
1.283672418161796,0.3527239994847256,0.008499860763549805
1.2980010357137306,0.34083909979012555,0.008509397506713867
1.3274744313307887,0.3154058312630738,0.016909122467041016
1.3426286883012257,0.3029154663343226,0.0084381103515625
1.3418864346972037,0.32246311018504864,0.008446931838989258
1.3350892620206876,0.35616562932647894,0.008459091186523438
1.3282858923191045,0.3910499336869226,0.008473396301269531
1.3214159568292436,0.4250518326707753,0.008476734161376953
1.3144774398092756,0.45817848932764366,0.008482933044433594
1.3088457172666161,0.49251644258060023,0.008490324020385742
1.3018278990369518,0.5259819155362676,0.008493661880493164
1.2947635086728513,0.559639135826669,0.008497238159179688
1.2876500994723792,0.5934992847365214,0.008507251739501953
1.2818053454282547,0.6264528312485598,0.008510112762451172
1.2686351689806463,0.6930255191215449,0.016902923583984375
1.2612908505075917,0.7266979772403305,0.008438348770141602
1.2538591443273728,0.7595477494869037,0.00844430923461914
1.2477783940630358,0.7935826340139759,0.008451700210571289
1.2416230774269108,0.826772364661265,0.008455038070678711
1.2339895398534946,0.8592917586425861,0.008465766906738281
1.2277255973632448,0.8929796931395146,0.008471012115478516
1.221383439081444,0.9258247901547257,0.008476018905639648
1.214938282875688,0.9567122603312315,0.008484363555908203
1.2144686593940492,0.9357212518929269,0.008492231369018555
1.2139958187091282,0.9147699510401794,0.008495807647705078
1.2144382283071569,0.8716950731963045,0.016898155212402344
1.2139541143183417,0.8508652942526668,0.008427619934082031
1.2134663132028278,0.8300684442699419,0.00843191146850586
1.2129487329860484,0.8082106142379958,0.008443117141723633
1.2138729511181872,0.7873300708453926,0.008446455001831055
1.2133474793887251,0.7655425494163048,0.00845479965209961
1.212842723445632,0.7448721810191062,0.008458614349365234
1.2123338976848441,0.7242249386316606,0.008463621139526367
1.2132107585180298,0.7024099786899093,0.008472442626953125
1.2126930232984063,0.6818141992494972,0.008479118347167969
1.2121433895921425,0.6601529097070582,0.008491277694702148
1.2116167407831167,0.63959014901495,0.008495330810546875
1.2125004877846832,0.6189772641524593,0.008504867553710938
1.2113960615122619,0.5768489300581235,0.016903400421142578
1.210822248626078,0.5552569222344819,0.008429288864135742
1.210272398195384,0.5347493895762516,0.008433818817138672
1.2111022577117525,0.5131537228026462,0.008437395095825195
1.210543050209731,0.49265958062524656,0.00844430923461914
1.2099792171909258,0.4721641263766117,0.008449554443359375
1.2107936891263569,0.45060507483028367,0.008458852767944336
1.2102206802675168,0.4301108968029691,0.00846552848815918
1.2096431025936094,0.4096096808802342,0.008474111557006836
1.2090283031905849,0.3880172944389236,0.008480072021484375
1.2098540060791572,0.3675537378954561,0.008486509323120117
1.2092310775408237,0.34594785337390965,0.008505821228027344
1.2086345981456879,0.3254073632715258,0.008512258529663086
1.2080335719578654,0.3048506698988069,0.008520364761352539
1.205595116165524,0.2700817721833981,0.016913652420043945
1.199787667344656,0.26530885798561754,0.008448362350463867
1.1939564856013691,0.26051597027585477,0.00845956802368164
1.1881341686004365,0.2567945914106816,0.008469104766845703
1.1822551801547758,0.2519636886193856,0.008475780487060547
1.1763519105176568,0.24711237637093675,0.008480548858642578
1.170457577595259,0.24333925547574295,0.008485794067382812
1.1645054048590924,0.23844908957934133,0.008489847183227539
1.1585622254033783,0.2346416173352712,0.008501529693603516
1.1525604081530803,0.22971203885985825,0.008511543273925781
1.1465676500234778,0.22586970660397068,0.00852203369140625
1.140515436364065,0.22090014941906794,0.008525371551513672
1.1298623370330314,0.21215171572670488,0.01691913604736328
1.1237744085531252,0.20824048378962587,0.008456945419311523
1.1176608177797263,0.20431235718659257,0.008458614349365234
1.111485742874348,0.1992445855731593,0.008466720581054688
1.1053200214909251,0.19527982147197492,0.008474111557006836
1.100615386725581,0.19032251271076733,0.008485078811645508
1.0944031988576401,0.18632305116200082,0.008494853973388672
1.088164431447309,0.18230608249240726,0.008498191833496094
1.0818988892676933,0.17827148294825942,0.008507013320922852
1.0771172147970656,0.17324465073050238,0.008509635925292969
1.0708038948518572,0.16917441330187835,0.00851750373840332
1.058057232242689,0.15983527811888656,0.01691579818725586
1.0532341726180952,0.15588166773566556,0.00844430923461914
1.046815462534384,0.15173670988364435,0.008452892303466797
1.0403699735962013,0.14757511396373524,0.008459329605102539
1.0354881637124054,0.1435762954836326,0.008482217788696289
1.0289928066392502,0.13938000690315788,0.00848245620727539
1.0224293653961192,0.13400558959344686,0.008485555648803711
1.01748746208094,0.12995874048514672,0.008495569229125977
1.0109122723898305,0.1257055101065514,0.008499622344970703
1.0059315720169018,0.12162836982382232,0.00850677490234375
0.9993048383071167,0.11733929655925157,0.008513212203979492
0.9876058986989533,0.10890613138203119,0.016907930374145508
0.9808969510791967,0.10456100251573068,0.00844120979309082
0.9758142770239182,0.10040518950649324,0.008452892303466797
0.9707141585363104,0.0962349560268154,0.008455753326416016
0.96392878475972,0.09183563848160275,0.00846242904663086
0.9587878346329782,0.08763362348913806,0.00847005844116211
0.95194822152872,0.08319663860063975,0.008475780487060547
0.9467659188156864,0.07896246175463914,0.008484840393066406
0.9415656257323578,0.07471344566845044,0.008493900299072266
0.9346906163212548,0.07141628079567189,0.008497953414916992
0.9294484697384691,0.06713675452128878,0.008504867553710938
0.9189091299033938,0.058532376929909924,0.016903400421142578
0.9119307835320829,0.05517260497561968,0.008432626724243164
0.9066090650205249,0.0508316408999137,0.008442878723144531
0.9012686010310041,0.04647527019131776,0.008446216583251953
0.8959092911751076,0.04210341380093152,0.008448600769042969
0.8888251668471636,0.03867953936864897,0.008455038070678711
0.8834220117673782,0.03427579342890087,0.008468866348266602
0.8779996754435334,0.029856312770943208,0.008481025695800781
0.8727431092843397,0.030306324695195692,0.008485555648803711
0.8675615462367615,0.033203371367284636,0.008491754531860352
0.8605794557190964,0.03585398664910531,0.0084991455078125
0.8553573556441051,0.03876910738835538,0.008512020111083984
0.8501177498374101,0.04169281252973771,0.008529186248779297
0.8395855843326994,0.04756618489394247,0.016923904418945312
0.8342928041393873,0.05051595788817194,0.008466482162475586
0.828934978103812,0.05223837770798257,0.008481502532958984
0.8236061008084457,0.05520397654179624,0.00848388671875
0.8182590534393798,0.05817847230145098,0.008495807647705078
0.8128937218455292,0.061161920230993386,0.008504867553710938
0.8075099909857596,0.06415437612564587,0.008510351181030273
0.8021077449231786,0.0671558963351142,0.008517980575561523
0.7966392237775627,0.06891925706510296,0.008521556854248047
0.7911995188312035,0.07193720770917394,0.00852513313293457
0.7857409480017494,0.0749643865531345,0.008529186248779297
0.7802633917429046,0.07800085211443943,0.008541345596313477
0.7692028019954701,0.08284507998520572,0.01693248748779297
0.7636674983675155,0.08590784993157909,0.008469820022583008
0.7581127245321809,0.08898013747871608,0.008484601974487305
0.7524900953315603,0.0907993537001797,0.008499622344970703
0.7488111632484122,0.09412193377515973,0.008508682250976562
0.7432038590657297,0.09721990300213461,0.00851130485534668
0.7375282181830549,0.09905977543749965,0.008526802062988281
0.726213350677735,0.10530075790754675,0.01692819595336914
0.7204769249668712,0.10716226364591494,0.00845479965209961
0.7167222689531142,0.11053189105154503,0.008459329605102539
0.7110002831000205,0.11368393446113761,0.008464574813842773
0.7052089433688038,0.11556690236293128,0.008475303649902344
0.6994454627502471,0.11873720168712128,0.008478164672851562
0.6936610533986763,0.12191772901389047,0.008489131927490234
0.6878067556101044,0.12382320904395352,0.008503913879394531
0.683973494824301,0.1272415218998525,0.008519411087036133
0.678083747598647,0.1291608969398008,0.008519887924194336
0.6722214146491966,0.1323774495757385,0.00853872299194336
0.666288570357838,0.13431156354592994,0.008555889129638672
0.6564337462740552,0.13971018922017794,0.016947507858276367
0.6525237618501537,0.14317581886753533,0.00848841667175293
0.6465669585216088,0.14643856403650818,0.008497953414916992
0.6405389942352288,0.14841007355359226,0.008507251739501953
0.6365895906503946,0.15190062664026094,0.008509397506713867
0.6305243393283257,0.15388683170176862,0.008513450622558594
0.6244855018677529,0.15718758479948625,0.008520364761352539
0.6204470006959192,0.15939425762955028,0.008523225784301758
0.6143702245754081,0.16271357938295672,0.008525848388671875
0.6082214976494679,0.16473049256205383,0.008528947830200195
0.5980038634438426,0.17030297492927166,0.016931533813476562
0.5939476176692244,0.17385962194314114,0.008460283279418945
0.5877213320300563,0.17590723428252703,0.00847625732421875
0.5815203663003937,0.17928519546031993,0.008484601974487305
0.5773731904539823,0.18154363802599457,0.008487462997436523
0.5711325127277388,0.18494106447250433,0.008493423461914062
0.5504469007548574,0.20435760734176478,0.008495330810546875
0.5296266434241367,0.22802278667418052,0.008498430252075195
0.4848656910527676,0.27604617793469555,0.016898155212402344
0.4630790573518181,0.2992108145683971,0.008427619934082031
0.440979722695342,0.32265991082456247,0.00843358039855957
0.41855926921181114,0.34640176258205474,0.008440017700195312
0.3957678229931277,0.3690548710539621,0.008463859558105469
0.37268050219689736,0.3933994280987992,0.008472204208374023
0.3516360339548711,0.4167077422123016,0.008486032485961914
0.3278425636926939,0.4402576817336315,0.008498430252075195
0.3061799445705663,0.4641470233220619,0.008507251739501953
0.2842462084777844,0.4897647752844899,0.008514881134033203
0.25937671865590567,0.5128295293480613,0.008517742156982422
0.21372815048101967,0.5598523574983473,0.016917705535888672
0.19303925437468217,0.5822880716986834,0.008451700210571289
0.16939461613394438,0.6050649581073515,0.008451700210571289
0.14813014344942946,0.6280500265881458,0.008461952209472656
0.12383147781894858,0.6514236175776487,0.008469820022583008
0.10196763914520032,0.6749850075348095,0.008473396301269531
0.07697062249007088,0.6974627971565166,0.008476972579956055
0.054469444654162646,0.7200867293700678,0.008486270904541016
0.028772970016045663,0.7431766043810796,0.008487701416015625
0.005620124593950412,0.7648372508710932,0.008493423461914062
0.020337040848735225,0.7777684920041688,0.008509159088134766
0.03210901816369648,0.8000980649447901,0.008517742156982422
0.06674697427169275,0.8311312249140326,0.016910791397094727
0.08668926172923178,0.8553686704373988,0.008451223373413086
0.09799290696882114,0.8710811831008626,0.008476734161376953
0.10921394426488162,0.8836739183738788,0.008486509323120117
0.13141481305581443,0.8950462542317847,0.008491039276123047
0.14517705108043225,0.9086924413301746,0.00851893424987793
0.15883929665266225,0.9237576033416282,0.008520364761352539
0.17239661086959926,0.9372294372077371,0.008522272109985352
0.18317030566405454,0.9479469957884399,0.008526325225830078
0.19387418283186833,0.9511424993740285,0.008532285690307617
0.2334251651444303,0.9286182267613431,0.01692938804626465
0.24900586421127946,0.9209220169895384,0.008466005325317383
0.2644463738977572,0.9118294828131273,0.008470773696899414
0.2797459580623113,0.9013598675681594,0.008483171463012695
0.2949104711344392,0.8909816174010942,0.008490800857543945
0.3074455817957686,0.8824020000487981,0.008495092391967773
0.32235835670910123,0.8707510838524978,0.008509159088134766
0.3371295223947636,0.857771065297251,0.008518218994140625
0.3542405142811011,0.8489354441986006,0.008521318435668945
0.3807280138252438,0.8279674560529939,0.016920804977416992
0.39498513591251716,0.8153915026981261,0.008449077606201172
0.40913012937306104,0.8043210438181551,0.008459806442260742
0.42549502207477063,0.7931461566258218,0.008467435836791992
0.4440458595825687,0.7846569562650133,0.008470296859741211
0.4577733505466729,0.7738738556451235,0.008493185043334961
0.471383658754588,0.7631799030401106,0.008495330810546875
0.4871370689583291,0.7524065051515263,0.008502721786499023
0.5005180400141259,0.7432533587638848,0.00850534439086914
0.5159889025495936,0.7326679972966832,0.008515357971191406
0.544285656728595,0.710591096459514,0.01691436767578125
0.5593354280982077,0.7002972385026336,0.008440971374511719
0.5742425521697246,0.6900978145740188,0.008448362350463867
0.5890091541958367,0.67999133756409,0.008458375930786133
0.6036373294583479,0.6699763437727647,0.008469820022583008
0.6181049689576766,0.6587427818642675,0.008482694625854492
0.6324618502325239,0.6489124560332027,0.008484840393066406
0.6466609977669502,0.6378726388193202,0.008496761322021484
0.6607578764615505,0.6282209105514813,0.008512258529663086
0.6767075193557293,0.6172938535238522,0.008518457412719727
0.6905282223584286,0.6078214992230654,0.00851893424987793
0.7196997766639665,0.5865299556893787,0.016918659210205078
0.7331070006308871,0.5760539491635889,0.008458852767944336
0.7483169195071911,0.5656236119158125,0.008462667465209961
0.7633747335462093,0.5552926327196274,0.008467912673950195
0.7782830304481916,0.545059242560871,0.008483171463012695
0.7911765813871474,0.5349459472876082,0.0084991455078125
0.8058109600653534,0.5248966873206782,0.00850987434387207
0.8202716718727778,0.5137137869051099,0.008520364761352539
0.8346235124625639,0.503853736068661,0.008521556854248047
0.8488057932905089,0.4928678956289398,0.008531332015991211
0.8785973343580027,0.47360942295210073,0.016930580139160156
0.8923638934022298,0.46290943254048017,0.008471012115478516
0.9060017971143661,0.4523028786034164,0.008474111557006836
0.9212309883616956,0.4418158095222975,0.008489608764648438
0.934636614597134,0.432578850874669,0.008497238159179688
0.9495727587631074,0.42228097778954954,0.008498191833496094
0.9626886856602411,0.41203739198584594,0.008503913879394531
0.977341962440275,0.40192730248781755,0.008512020111083984
0.9902106897715056,0.391857788812519,0.00851297378540039
1.0046251889819775,0.38308488841847715,0.008522510528564453
1.0313726394176586,0.36341863103867283,0.016915559768676758
1.0453540237172794,0.35374584314950175,0.008445262908935547
1.0591680531374226,0.3430220122655094,0.008455991744995117
1.0728855252316725,0.3335235783649157,0.008459091186523438
1.0864746384961452,0.3241074563931377,0.008464813232421875
1.0999037681298196,0.3136499579548212,0.008469820022583008
1.1147516644782913,0.3044925281781071,0.008478164672851562
1.1279224196131954,0.29421059065417077,0.00847935676574707
1.1554102574731586,0.2751111835289886,0.0168759822845459
1.1682180860971436,0.2650805198370452,0.008411407470703125
1.1823540643200117,0.2552453636539117,0.008417606353759766
1.1963536992658368,0.24549750507820975,0.008423089981079102
1.2088065254097922,0.23571279833483372,0.008433103561401367
1.2171677792693163,0.23319986113235924,0.00844120979309082
1.1941192318852614,0.2659617180513903,0.008448600769042969
1.172173929488987,0.3003940421501423,0.008458137512207031
1.1483397861498927,0.33302766607010964,0.00846409797668457
1.1271171469699246,0.3674051964882269,0.008468866348266602
1.1055244073465067,0.40114609248946,0.008479118347167969
1.0835475464802096,0.4342489334490774,0.008481502532958984
1.0416225278370808,0.5008040067045828,0.01688098907470703
1.0201299361325178,0.534235325500451,0.008412599563598633
0.9982468557423375,0.5670126941932158,0.008414983749389648
0.9759896621326795,0.6002985025327884,0.008426427841186523
0.9549744518188427,0.631680663589012,0.008432865142822266
0.9336377250873307,0.6647248213849585,0.00844120979309082
0.913647481343505,0.6969705623723133,0.008445501327514648
0.891577774600126,0.729822698130702,0.008455991744995117
0.8708863741856137,0.7618355479788518,0.008464813232421875
0.849833548931369,0.7931096289305414,0.0084686279296875
0.8284319601957736,0.8248680991580658,0.008474349975585938
0.8066709770191852,0.8571273053073373,0.008479833602905273
0.78641410884508,0.8884118592873034,0.008487224578857422
0.7658312288646757,0.9201676619511953,0.008490800857543945
0.7330939884325227,0.9399106500879351,0.016892433166503906
0.7230619302732032,0.9180715147887203,0.008432626724243164
0.7149382409915713,0.8958972343134316,0.008450746536254883
0.7047800745725785,0.8738819083868704,0.008470535278320312
0.694566201436854,0.8530598357908774,0.008474349975585938
0.6842651470201054,0.8308471201022424,0.008495330810546875
0.6759096842463015,0.8083387171556579,0.008505582809448242
0.665488237597884,0.7872257667104189,0.008511066436767578
0.6549911962010948,0.76600798778276,0.008518695831298828
0.6464707826269378,0.7445284961296861,0.008522748947143555
0.6358094313580186,0.721800463111742,0.008529424667358398
0.6271641467444483,0.7001338573084386,0.008535623550415039
0.6075998453110928,0.6566293854101043,0.016928672790527344
0.596680611657266,0.6360755809988141,0.008466720581054688
0.5877743881395889,0.6140095442285805,0.008472919464111328
0.5766991212920872,0.5932265934693107,0.008483648300170898
0.5676561909134669,0.5709463316806782,0.008487462997436523
0.5585782962913042,0.5498885329157062,0.008489131927490234
0.5494368597081234,0.5287287562355729,0.008497238159179688
0.5401984305826854,0.5061303370695489,0.008505582809448242
0.5309261498013755,0.4847563692113031,0.008512496948242188
0.5099309840268271,0.4402997532033716,0.016902446746826172
0.49825311487464496,0.41987553694254315,0.008435726165771484
0.4886885203933265,0.3980235428382098,0.00843954086303711
0.47909520336112643,0.377410922594688,0.008448362350463867
0.47165942216525486,0.35541405861256975,0.008452653884887695
0.46194239688357863,0.33458390528949206,0.008455991744995117
0.4521573286540771,0.31363733877216615,0.008460044860839844
0.4445589225829469,0.2913317852582991,0.008475542068481445
0.43233467842120865,0.2700100919113571,0.008478641510009766
0.4247154259098694,0.25024086930255846,0.008501768112182617
0.40684729657316704,0.2060836886132317,0.01689743995666504
0.3966711004434622,0.18442602040771988,0.008435726165771484
0.38647744960099295,0.16403835609863254,0.00844120979309082
0.3736669014853212,0.1390863150594519,0.008459091186523438
0.36566809642044346,0.117270004598078,0.008470535278320312
0.3527958424409564,0.09482038733882153,0.008471965789794922
0.3447979920320568,0.07560298194726654,0.008473873138427734
0.33426152205193854,0.05458224084387097,0.008478164672851562
0.32365768748763335,0.03343537864619086,0.008498191833496094
0.3212014978620348,0.03312684017640514,0.008507251739501953
0.3192091646693415,0.04424576953469324,0.008517026901245117
0.3172108073277029,0.05537436160504905,0.008519887924194336
0.31526367118211823,0.06794149948355802,0.008533954620361328
0.31325244761283794,0.0790900329069303,0.008548259735107422
0.3116849083836782,0.10168178774255665,0.01694202423095703
0.3096570583236272,0.11285329293997887,0.008478164672851562
0.30767745632590887,0.1254646637169891,0.008480310440063477
0.30563537165223653,0.13665724503288207,0.008488655090332031
0.30358621373713524,0.1478603715029457,0.008496999740600586
0.30152986061981163,0.15907417953618752,0.00850367546081543
0.3019557859923202,0.1705184748484587,0.008512735366821289
0.2998878387652033,0.18174670336716872,0.00851893424987793
0.29572921867059726,0.2042366077860069,0.016913652420043945
0.29613719825672546,0.21568836276083952,0.008447647094726562
0.29404162774515524,0.22695447628033508,0.008454084396362305
0.2919875483016096,0.23966459630184245,0.008463382720947266
0.28987530896379177,0.2509548972693289,0.008468389511108398
0.2902632144820505,0.2624158766278352,0.008472442626953125
0.28813773720775465,0.2737230080596646,0.008481502532958984
0.2860038657333811,0.2850425836201403,0.008499383926391602
0.28386149760574875,0.2963747943978313,0.008502960205078125
0.2817105319500835,0.30771983526713365,0.008525371551513672
0.2799071523379339,0.3305619571318168,0.016920089721679688
0.2777331748287576,0.3419390059790793,0.008456707000732422
0.2755073999184642,0.3518928073632132,0.008462190628051758
0.2758475147992756,0.3633870022804862,0.008481740951538086
0.2736918861020825,0.37623445673675276,0.008502721786499023
0.2714442730470384,0.38622121709213764,0.00850367546081543
0.26922874697152627,0.3976598692135578,0.008510828018188477
0.2695454864418893,0.4091724072056336,0.00851583480834961
0.2672760789913411,0.41919285735232725,0.00852513313293457
0.26507416360175257,0.4321082101525864,0.008533239364624023
0.26533575175117546,0.44219377454495873,0.008538007736206055
0.2631165403699423,0.45513295862055514,0.008547544479370117
0.2610958898081042,0.47674630746714575,0.016941547393798828
0.25878064326359995,0.486839919599698,0.008475780487060547
0.256490207209526,0.4983926835354986,0.008482217788696289
0.25672024702611457,0.5085069121016389,0.008486032485961914
0.25441417403262573,0.5200840571028671,0.008490562438964844
0.25212883068695735,0.5331254870053624,0.008505821228027344
0.2523419299741853,0.5432564534705209,0.008522987365722656
0.25000900828072126,0.554877490385617,0.008526325225830078
0.24786240990266467,0.5766655065412963,0.01692652702331543
0.2455030414560485,0.5883312626452115,0.008472442626953125
0.24310713131530415,0.5985629773625571,0.008481025695800781
0.24331315437441225,0.6101844782422893,0.008500337600708008
0.2409269838188003,0.6218969227925614,0.008517742156982422
0.241095962004311,0.6320774577153014,0.008528470993041992
0.2386933097062512,0.6438188991172009,0.008532047271728516
0.2388513120475208,0.6540116845641488,0.008533239364624023
0.23643208329701335,0.665782943517051,0.008556127548217773
0.23414319444037388,0.6877905440072095,0.016962051391601562
0.23169657363151439,0.6996130357560403,0.008496522903442383
0.22922105812597743,0.7099936283263666,0.008504390716552734
0.2293631763940846,0.7216975973744809,0.00851297378540039
0.22948213034220338,0.7319423589093034,0.008521795272827148
0.22700194110070393,0.7438295036708926,0.008527994155883789
0.2244959420401919,0.7542713380808174,0.008536577224731445
0.22461286031856403,0.7660102274953311,0.008544206619262695
0.22209158197563633,0.7764837602875897,0.008549213409423828
0.21965939442948512,0.7987471725879989,0.016956567764282227
0.21974015252889384,0.8090515292566332,0.008498191833496094
0.21719944947680017,0.821063015165836,0.008514642715454102
0.2172693488643913,0.8313848909638542,0.008522987365722656
0.2147118499795642,0.8434327093934518,0.008532285690307617
0.21477097247736984,0.8537727310063291,0.008541107177734375
0.21219673251934099,0.8658576545277016,0.008544683456420898
0.20965426838051487,0.8883392243055978,0.016936302185058594
0.20969214511805184,0.8987173699885384,0.008466243743896484
0.20708036417376227,0.9093938095956414,0.008470535278320312
0.207112104785553,0.9212768595505346,0.008475780487060547
0.2044853410033834,0.9319897192926487,0.008489131927490234
0.20450314471707493,0.9424074432497799,0.008506536483764648
0.20451791526714827,0.9543211389991153,0.008531570434570312
0.20186861078569282,0.960610318564636,0.008533239364624023
0.20185352060795336,0.9457037222942091,0.016927242279052734
0.1991827273527707,0.9370787464123653,0.008456230163574219
0.1991691939833852,0.9296288660080824,0.008467435836791992
0.1991533010549177,0.9221821298910317,0.00847315788269043
0.19647483274522937,0.9150358331143263,0.008481502532958984
0.19645445915687337,0.9075899737330336,0.008485794067382812
0.19642683289143606,0.8986589207748263,0.00849771499633789
0.19371596187116524,0.885546932159421,0.016888141632080078
0.19367989070710911,0.8766200649517494,0.008419036865234375
0.1936471204683978,0.8691841265515446,0.008428573608398438
0.1936118728927672,0.8617509736583654,0.008440732955932617
0.19358188331843654,0.8558064259957628,0.008444547653198242
0.1908767649357017,0.8486287447809061,0.008449077606201172
0.19083476707183336,0.8411978639446,0.008456945419311523
0.1907902455483754,0.8337695938383443,0.008479833602905273
0.18807473375470435,0.8265789602246215,0.008500099182128906
0.18803544642195008,0.8206359818563316,0.008507966995239258
0.1852473843210742,0.8045204441596829,0.016899585723876953
0.18787351471670213,0.7983637450355086,0.008444070816040039
0.18514320672242987,0.7911544323587324,0.00845479965209961
0.18508170144926178,0.7837320910595894,0.008470773696899414
0.1823430239101342,0.7765117464757868,0.008500814437866211
0.1822900248026013,0.7705730142626408,0.00850224494934082
0.18220738220674562,0.7616674898271106,0.008516788482666016
0.1821501862820705,0.7557321523730773,0.008527994155883789
0.18206123317928874,0.7468316006388218,0.008532285690307617
0.17930679392500284,0.7395902683934401,0.008537530899047852
0.18192067572388732,0.7334861243459756,0.008549690246582031
0.18183888251246325,0.7260746518220846,0.008554458618164062
0.18175443626202317,0.718665030423598,0.00855875015258789
0.17620239213201033,0.7026647415512998,0.016953229904174805
0.17610975045568536,0.6952501472507596,0.008508443832397461
0.17871378763243823,0.6891817507831033,0.008519172668457031
0.17591643029905424,0.6804258331063073,0.008530139923095703
0.17583609807858264,0.6744978549222022,0.008544445037841797
0.17571237752156216,0.6656076782644882,0.008547306060791016
0.17283634824113875,0.6523879586470775,0.016943693161010742
0.17272558279031094,0.6449782451861914,0.008477926254272461
0.17261212296851872,0.6375698280445009,0.008480310440063477
0.17249596849405827,0.630162656085075,0.008488655090332031
0.1696905818517953,0.6228474019696348,0.008491754531860352
0.16959365316776256,0.6169192228784874,0.008497476577758789
0.16947006414216967,0.6095099894830378,0.008518695831298828
0.16921479695664535,0.594694630495797,0.016917943954467773
0.16908312220528007,0.5872884030917778,0.008450508117675781
0.1689758446129009,0.5813640718350259,0.008459091186523438
0.16614960509387894,0.574015433282081,0.008465290069580078
0.1660104849206607,0.5666063256180695,0.008467912673950195
0.16586867740680508,0.5591979783948148,0.008482217788696289
0.16572418626707655,0.5517903412630817,0.00848531723022461
0.1655770155956864,0.5443833640171712,0.008504152297973633
0.16261222008319054,0.5310777867302688,0.016907215118408203
0.16245762965670474,0.5236671203457053,0.008448362350463867
0.16230037437664352,0.51625692629867,0.008451700210571289
0.16217265544508544,0.5103290779691871,0.008455038070678711
0.16201061868817954,0.5029196098926403,0.008466482162475586
0.1618459347184185,0.4955104764975205,0.008470535278320312
0.16167861057242022,0.48810162905167126,0.008482933044433594
0.15881196083282104,0.4806826723282058,0.008492231369018555
0.15867412890479474,0.47475170911726433,0.008495807647705078
0.15849947919538113,0.46733813952292247,0.008508443832397461
0.1581785284599717,0.45399394649723546,0.01690506935119629
0.1579598823245816,0.44509787016928504,0.008431434631347656
0.157812048428304,0.43916712832864213,0.008434772491455078
0.15758720581879435,0.4302709195826754,0.00844717025756836
0.157435257420205,0.4243400152773136,0.008456945419311523
0.1491301555898484,0.41675898622502877,0.00847005844116211
0.1543869718775118,0.4109351805937236,0.008481979370117188
0.1541901559929894,0.4035157266232156,0.008486270904541016
0.14286698112557059,0.385395650800953,0.016896963119506836
0.1426201657691425,0.3764655506752157,0.008432865142822266
0.1396918661786986,0.3689333714147447,0.0084381103515625
0.13948093704031386,0.361485368421567,0.008442401885986328
0.13926753837702793,0.35403684062792473,0.00844717025756836
0.1390516853007041,0.3465877461547532,0.008451700210571289
0.1388772460944082,0.3406280347369199,0.008454322814941406
0.13865701454317306,0.33317781627908016,0.008455276489257812
0.13843437320816168,0.3257269165317333,0.00847172737121582
0.13825453635263496,0.3197656793447423,0.00847482681274414
0.14337259223386997,0.30959652347582434,0.008485794067382812
0.14590111066340775,0.303778353761067,0.008488655090332031
0.14272234358010907,0.2887544889007672,0.016887903213500977
0.13446699757018601,0.28532934881930194,0.00842142105102539
0.13422929263173336,0.27786789422772085,0.00843501091003418
0.1340374877460503,0.2718980400285157,0.008444547653198242
0.1337956973860698,0.2644348291763904,0.008447647094726562
0.13360065052173056,0.2584635241283908,0.008463382720947266
0.13330541446048277,0.24950529794462817,0.008464813232421875
0.1303783812952884,0.2433532620555232,0.008473396301269531
0.1328566361284969,0.2360649892539542,0.008482217788696289
0.13260428430379595,0.22859655015364352,0.008484125137329102
0.13738416944939133,0.2095785833587832,0.016878366470336914
0.13712440138070653,0.20211623252335084,0.008408069610595703
0.12889718405452968,0.19999588354633743,0.008421182632446289
0.12868737104433126,0.19401226528151835,0.008437633514404297
0.12847626106912596,0.18802780335610983,0.008445978164672852
0.12821056970555272,0.18054601808831075,0.008456707000732422
0.1332898482766069,0.17052997956630384,0.008460760116577148
0.11301312401279436,0.2152528490709852,0.008484125137329102
0.09762922615214065,0.2502272286554318,0.008494377136230469
0.08489986848701955,0.28713995852757884,0.00850987434387207
0.07201240377004431,0.32429642145203835,0.008514404296875
0.0561217179554672,0.36160781222953453,0.008522987365722656
0.029434232173489082,0.4357390144002451,0.016932010650634766
0.015848646697707466,0.47398051307458267,0.008474111557006836
0.002082119943928773,0.5125114778489568,0.008483409881591797
-0.01462702381640744,0.562249431647847,0.00848531723022461
-0.02608519924537232,0.5858090387364018,0.008491277694702148
-0.0325450182331728,0.5563135958440167,0.008499383926391602
-0.033183643388551884,0.5220181382682016,0.008500814437866211
-0.03962139325091472,0.4986468432086908,0.008507728576660156
-0.03726442330534182,0.4690173842954718,0.008508682250976562
-0.0350271379168621,0.436320150793355,0.008519649505615234
-0.047932155010354825,0.39708017667389495,0.016924619674682617
-0.04470261369474174,0.40652192873990006,0.008456707000732422
-0.041443333595819386,0.41750967179792325,0.008455991744995117
-0.035211888143499265,0.42853073345904735,0.008461713790893555
-0.031903766965767466,0.4425909871307648,0.00847315788269043
-0.02871516253753891,0.45196375771132863,0.008477449417114258
-0.022535507663342606,0.46290134980462944,0.008488178253173828
-0.013158447018297922,0.4862227306267438,0.01688361167907715
-0.007071453359644146,0.4955227998518746,0.00841069221496582
-0.003876624190431172,0.5078966107234268,0.008424758911132812
0.002206220254439821,0.5186900167871298,0.008429288864135742
0.005344928037112394,0.5294778899139532,0.008436918258666992
0.011391387832471862,0.5402176306587957,0.00844883918762207
0.014506480701625728,0.5509681346920727,0.008457660675048828
0.01763946868178745,0.5632439180985829,0.0084686279296875
0.02363516750042757,0.5739066208279942,0.008473634719848633
0.026716318753474935,0.5846054910339863,0.008486747741699219
0.03267614398101327,0.5952166728328669,0.008490324020385742
0.04165818413192892,0.6164405455359859,0.01688528060913086
0.047560548961261544,0.6269722492752209,0.008423089981079102
0.050603782336851554,0.639109233333114,0.008432388305664062
0.05361471091568677,0.6497030159419844,0.008436441421508789
0.05944720217287004,0.6586361629911585,0.008463859558105469
0.05386116673886572,0.6680511313694609,0.008468389511108398
0.05972433422016266,0.6800166270427933,0.008478879928588867
0.0712214816741352,0.6901397937966939,0.008484125137329102
0.06849365417689195,0.6994317532119388,0.008504390716552734
0.07428189704408865,0.7097951008864609,0.008516073226928711
0.07722522314087818,0.7202958301366355,0.008518695831298828
0.08300994303758306,0.7336552521353584,0.008523225784301758
0.09163483385112245,0.7528736149680605,0.016916275024414062
0.09734690620577394,0.7646352458760225,0.008455753326416016
0.10578809748183299,0.7716203626636146,0.008457183837890625
0.10589722358486926,0.7852541832690154,0.008467674255371094
0.11706960608164543,0.7919706220272861,0.008470773696899414
0.11991496121269808,0.8023300794229687,0.008479833602905273
0.1200151391455626,0.8174438060056093,0.008483648300170898
0.1255978812199799,0.8260384198166214,0.008493423461914062
0.13390369741748326,0.8328597735175189,0.008503198623657227
0.14224201267350323,0.8532013644380805,0.016896724700927734
0.145018956943954,0.8619739565774658,0.00842738151550293
0.1505166708392568,0.8704684774612912,0.008438348770141602
0.15328704055396078,0.8822247293829206,0.008450746536254883
0.15875517276036352,0.8906814278350914,0.008456707000732422
0.16150463322751485,0.9024108596115887,0.008466720581054688
0.1669507759485331,0.9138318469267586,0.00847315788269043
0.16967542634673535,0.9240343243089408,0.00848388671875
0.17508749890532255,0.9339153325055317,0.00848841667175293
0.18048112675236466,0.943774377254706,0.008495569229125977
0.1858597491001825,0.9581029443648108,0.016890525817871094
0.18853198585185021,0.9517902650939762,0.008420228958129883
0.1885238625818698,0.9443134050335966,0.008430719375610352
0.19118813812199215,0.9380196925932813,0.008448123931884766
0.193843850005396,0.9302451280551215,0.008463621139526367
0.19649281376028635,0.922484752848669,0.008467435836791992
0.19647861989720247,0.9165253708467148,0.008488655090332031
0.19911870066044773,0.9087857919956037,0.00850224494934082
0.20175680132755502,0.9025465526183751,0.008504629135131836
0.20173201804935964,0.8951160522486834,0.008509159088134766
0.2043621518056943,0.8888951910720373,0.008522987365722656
0.20694827958079767,0.8737904269379829,0.016924142837524414
0.20956425789720073,0.8675998671033046,0.008453369140625
0.21217450245408342,0.8614198413865987,0.008453607559204102
0.2121354848347519,0.854025669501204,0.00845956802368164
0.21737783153438445,0.849091208670478,0.00848388671875
0.21733436549581764,0.8417117534393573,0.008491754531860352
0.21992524750183673,0.8355703519824641,0.00850057601928711
0.21987707661406278,0.8282007651100788,0.008513450622558594
0.2224600414719191,0.8220768900766003,0.008523941040039062
0.22503732847217137,0.8159632368988458,0.008533954620361328
0.22757484259503943,0.8054520801506515,0.016927719116210938
0.23013947578587557,0.7993629675151996,0.00846099853515625
0.2300908167941786,0.7934930162137005,0.008466005325317383
0.2326351712656065,0.7859536901913189,0.008478164672851562
0.2325827220769362,0.7800911305033319,0.008480548858642578
0.2351320909703705,0.7740345570102254,0.008490800857543945
0.23507625038087002,0.7681789083449763,0.008502483367919922
0.23761823579148592,0.7621376894277915,0.00850367546081543
0.24015462929937192,0.756106277553245,0.008507251739501953
0.24007811898573253,0.7488021749501964,0.008517742156982422
0.2425419224709744,0.7369507275949143,0.01691269874572754
0.24504630757809293,0.7294931506025382,0.00844717025756836
0.247561606715845,0.7235040893960615,0.008456945419311523
0.24749125071272277,0.7176796150784439,0.00846099853515625
0.24998098715053563,0.7102506481616309,0.008465290069580078
0.2524830622775932,0.7042870653080615,0.00847482681274414
0.25240716919853523,0.698474313008771,0.008476734161376953
0.2573712849054731,0.6851349717961722,0.016877412796020508
0.2598547721558702,0.6792057261530117,0.008418083190917969
0.25977163184431085,0.6734093844800572,0.00842905044555664
0.2622479566148563,0.6674943179689998,0.008434534072875977
0.26471886869638006,0.661588383250865,0.008442163467407227
0.2672066129484093,0.6571368384591965,0.008446455001831055
0.26709446248965696,0.6499108428904199,0.008466720581054688
0.26955289087941486,0.6440278682861944,0.008483171463012695
0.2719823782378892,0.6367112104469408,0.00848531723022461
0.2744296877334061,0.63084729182828,0.008514404296875
0.2743570601091197,0.6265232108417408,0.008520841598510742
0.2742340053801337,0.6193173050513202,0.008523702621459961
0.2791316087409217,0.609073443463491,0.01692342758178711
0.28156008592213955,0.6032440445856803,0.008466958999633789
0.2839568251320522,0.5959868239663066,0.00847768783569336
0.286374396650281,0.5901758264769401,0.008487701416015625
0.2862658195343008,0.5844347822737455,0.008498907089233398
0.2886765305005936,0.5786368219463521,0.008502483367919922
0.28853652806205515,0.5714668192133858,0.008502960205078125
0.290940008856227,0.5656828577378373,0.008516311645507812
0.2933383265380634,0.5599072869418652,0.008522748947143555
0.2957314998530498,0.5541400614096043,0.008526325225830078
0.2955829594263657,0.5469871066412908,0.008537054061889648
0.30034995523057373,0.535488180702857,0.016942262649536133
0.3002261770903216,0.5297746992628883,0.008481979370117188
0.30260047076731633,0.5240417017156762,0.008486509323120117
0.3049377420031872,0.5168905488140679,0.008502483367919922
0.30730156704169814,0.5111747173310559,0.008513450622558594
0.30717115534303313,0.5054739562547219,0.008524417877197266
0.3095284264272139,0.4997701797898647,0.008533000946044922
0.3141940573210265,0.4869641858347556,0.016931772232055664
0.31405713880949604,0.4812756234597204,0.008461236953735352
0.3163976414990052,0.4756003917664163,0.008470296859741211
0.31873323612406934,0.4699329084978074,0.008494377136230469
0.32106394278464484,0.46427313055041924,0.008500337600708008
0.32092102547577644,0.4585962603443547,0.008510351181030273
0.32320905834742003,0.4515296858345961,0.008524179458618164
0.3255282184462595,0.44588991446353043,0.008523702621459961
0.3278425636926939,0.4402576817336315,0.008545637130737305
0.3276934108827024,0.4345920193723289,0.008555412292480469
0.3323048745726991,0.4233573526605359,0.016947031021118164
0.33460348156671726,0.41775111406388377,0.008476734161376953
0.33444860348866057,0.4120962222620872,0.008487224578857422
0.33674108927316815,0.40650090145621665,0.008489847183227539
0.33898924488888,0.3995008659735463,0.0084991455078125
0.3412720262974836,0.39392092101468296,0.00850224494934082
0.3458236704972322,0.38278253643681204,0.016896724700927734
0.3480925752814129,0.3772240165254272,0.008431673049926758
0.3479277226324308,0.37158967217484185,0.008444070816040039
0.35019071970364973,0.3660415868776578,0.008450031280517578
0.3524491655401473,0.360500495422188,0.008461713790893555
0.35470308134865025,0.35496635867574106,0.008472442626953125
0.35695248837133214,0.34943913774786406,0.008478641510009766
0.3591974078845522,0.3439187939929783,0.00848078727722168
0.3638910184718523,0.33991265450223807,0.008488655090332031
0.3850237934713791,0.4076789402967998,0.016891956329345703
0.3980579482441994,0.451035319770809,0.008419990539550781
0.41327435123229866,0.49409999583145525,0.008429288864135742
0.42829281239751377,0.5368295388197374,0.008436203002929688
0.44311686005218426,0.5792388045587259,0.008439779281616211
0.4554579366348713,0.6214255050295486,0.008452892303466797
0.46992318164622465,0.663265961304119,0.008455514907836914
0.4842273983869822,0.7061933309305309,0.008458137512207031
0.4983321825123201,0.7474932527417016,0.008469104766845703
0.5122659438515739,0.7885464783952025,0.008473634719848633
0.5260481153559277,0.8307217510097344,0.008484840393066406
0.5553054637295058,0.9141498155436836,0.01687788963317871
0.568593288404372,0.954322441546943,0.008414983749389648
0.5792305417447143,0.9327094225881007,0.008420228958129883
0.5918520468074773,0.9043196558982661,0.008433103561401367
0.6022237874445493,0.8764303080329583,0.00844430923461914
0.6125060231097731,0.8500828942491112,0.008447408676147461
0.6247579339769767,0.8224166552905326,0.008456707000732422
0.6347933868242385,0.7938708931265481,0.00846242904663086
0.646799682350212,0.7666769990862131,0.008473873138427734
0.6566203477123667,0.7385686403484977,0.00847625732421875
0.6683891533369305,0.7118239541875377,0.008491754531860352
0.6800149864400236,0.6840143914501228,0.008503437042236328
0.7009143032805882,0.6291527091994176,0.016901016235351562
0.7121902173408994,0.6019894491399185,0.008433341979980469
0.7233505450665559,0.5750348432710588,0.008443355560302734
0.7343978733548605,0.5482828495886166,0.008457422256469727
0.7453034626932283,0.5204723615647895,0.00847005844116211
0.7560988614264088,0.49286176843466,0.008475780487060547
0.7668205397817949,0.46669114331493644,0.008493423461914062
0.7773701125822766,0.43821526300573155,0.00850677490234375
0.7897204989783893,0.41121474633825,0.008510828018188477
0.80008996987045,0.3843576785947308,0.00852346420288086
0.8103631902275117,0.3576704775994048,0.008527517318725586
0.8324097777991826,0.30366783720746665,0.01692366600036621
0.8425581713237394,0.2823568124383302,0.008454084396362305
0.8474001678291069,0.2656550102230984,0.008462905883789062
0.8480498119051434,0.23165091201006952,0.008474588394165039
0.866409153887029,0.1956399786157233,0.008491277694702148
0.8866623182191729,0.1710582847164709,0.008499622344970703
0.8979147873002756,0.14460131044306834,0.008521318435668945
0.9073415647415045,0.11809822824680294,0.008534669876098633
0.9183744908780318,0.09074216235445026,0.008541345596313477
0.9402611365067299,0.03888802349046649,0.016937971115112305
0.9452507672320668,0.03723519171280799,0.008464813232421875
0.9475047910509143,0.05298371600870494,0.008473634719848633
0.9513920433246852,0.06773895357556817,0.008476734161376953
0.9536291200857208,0.08341694113910532,0.008481025695800781
0.9558165037001095,0.09787730198218358,0.00849008560180664
0.959671058135889,0.11251404877471793,0.008498668670654297
0.9618836118339545,0.1280933708898406,0.00850820541381836
0.9640474356954083,0.14246159284007553,0.008515357971191406
0.970058408679365,0.17246832665931028,0.016912221908569336
0.9722378339642742,0.18792224628012497,0.008449554443359375
0.9743700425168003,0.20217368013224402,0.008457183837890625
0.9765340949020631,0.21757181536984135,0.00846099853515625
0.9803025044336577,0.23191030739126012,0.008481979370117188
0.9824487264473589,0.24724619232885617,0.008499860763549805
0.98458700070328,0.26255514901551147,0.00850367546081543
0.9904427126500474,0.2920364134187464,0.01690530776977539
0.992555319201988,0.307261070654531,0.008436918258666992
0.9962577124189016,0.32139024396563676,0.008439064025878906
0.9983527706449199,0.3365593105893136,0.008449554443359375
1.0004399957874712,0.35170496410244007,0.00846409797668457
1.0041101889357642,0.3657372163170333,0.008475065231323242
1.0061801708225961,0.38083097729078563,0.008477926254272461
1.0082424545329955,0.3959032558029119,0.008508682250976562
1.0119144520587808,0.4109972828294731,0.008518695831298828
1.0139266192462273,0.4248683948214663,0.008529424667358398
1.0159645350602913,0.4398731845742148,0.008532524108886719
1.0196046707571649,0.4548784268135051,0.008536577224731445
1.0236084357558073,0.4836325941786747,0.016936779022216797
1.027217707193966,0.4985554004422572,0.008466005325317383
1.0292157077230768,0.5134582591975926,0.008470535278320312
1.0312066542202796,0.5283458832841297,0.008483409881591797
1.034785753424724,0.5431916051672544,0.008496522903442383
1.036761087036767,0.5580431249605413,0.008518695831298828
1.0387296470908136,0.5728815957424984,0.008521795272827148
1.042279790462845,0.5876570439525807,0.008527278900146484
1.0442334153537767,0.6024638427095698,0.008539199829101562
1.049675712468189,0.6308296902513102,0.01694011688232422
1.051609014305518,0.6455984767769848,0.008479833602905273
1.0551130609770876,0.6602699979470293,0.00848245620727539
1.0570326633200795,0.675014345480523,0.00850367546081543
1.058946358558749,0.6897513878979049,0.008514404296875
1.0624250266767121,0.7043704507871532,0.008514404296875
1.0643004514327465,0.7179463824362492,0.008526086807250977
1.0696510042358278,0.747231337503057,0.016918182373046875
1.0715344405833616,0.7619268129268998,0.008452415466308594
1.074973286522838,0.7764705710018056,0.00846099853515625
1.0768212590793678,0.7900114679956793,0.008462190628051758
1.0802448953411925,0.8045284304754515,0.008473634719848633
1.082106120960214,0.8191994541211349,0.008477210998535156
1.0855149899131744,0.8336920633203907,0.008492708206176758
1.0873658508326867,0.8483549199808388,0.008495569229125977
1.0892123329772139,0.8630183915158292,0.00850534439086914
1.0944164747448517,0.8909982792875761,0.01689743995666504
1.097793083042269,0.9054444985980811,0.008434534072875977
1.0996214280355399,0.9201004485654212,0.008438348770141602
1.1014243492308355,0.933614465819652,0.008449792861938477
1.1047842323354224,0.9480409262450156,0.008454561233520508
1.1064292173895527,0.9535317424877937,0.008473396301269531
1.1062345119779409,0.9432260955108438,0.008489847183227539
1.1060383598282766,0.9329297926885145,0.008503198623657227
1.107175634020029,0.9121475001391786,0.016896486282348633
1.1069746305348078,0.9018834872041018,0.008450984954833984
1.1083037717237854,0.8914219677729388,0.008450746536254883
1.1080993467401212,0.8811802915118743,0.008466243743896484
1.1094227450331584,0.8707515564031084,0.00848531723022461
1.1092148649915752,0.8605314071927301,0.008487701416015625
1.1090054074628228,0.8503190719920877,0.008493900299072266
1.1103211756421145,0.8399351281960696,0.008507966995239258
1.1101082119473926,0.8297430761510288,0.008509635925292969
1.1098936311610421,0.8195582186679949,0.008520126342773438
1.111201790903243,0.8092170827369187,0.00854039192199707
1.1109836644422952,0.7990512234766607,0.008543014526367188
1.1107638865985134,0.7888919200033032,0.008551597595214844
1.1118411256014575,0.7684499324401209,0.01694345474243164
1.1116160927850587,0.758314209892401,0.008477449417114258
1.1129091720825837,0.7480525412402753,0.008481025695800781
1.112680546506479,0.7379331531842019,0.008491277694702148
1.112450215765755,0.7278189993395213,0.008493661880493164
1.1137358555472678,0.717593917699565,0.008504152297973633
1.113268491831141,0.6973991156165644,0.016904115676879883
1.1145200478192077,0.6860883696221679,0.008434057235717773
1.1142804588115374,0.6760079068824487,0.008444786071777344
1.114039148718316,0.665931275694899,0.008457660675048828
1.1153098369224113,0.6557740377074278,0.008460521697998047
1.1150649723863277,0.6457095277933338,0.008470535278320312
1.114818371383019,0.6356481711773355,0.008478403091430664
1.1160819792578094,0.6255209869462143,0.008481740951538086
1.1155799433694817,0.6054222357332306,0.016874074935913086
1.116836586975116,0.5953229827929615,0.008410453796386719
1.1165811744622036,0.5852842111911686,0.008426189422607422
1.1163240126393015,0.5752472311406777,0.008441925048828125
1.1175449506761785,0.564059402068564,0.008445978164672852
1.1172841073575512,0.5540305548214352,0.008455514907836914
1.1170215169816293,0.5440027983365004,0.008473634719848633
1.1182644609113426,0.5339537355122153,0.00849461555480957
1.1179984297749783,0.5239325714418362,0.008496522903442383
1.1177306601638222,0.513911830797276,0.008501529693603516
1.118967095681432,0.5038843529015099,0.008511543273925781
1.1186959428035181,0.4938688714181037,0.00852656364440918
1.1196531760782025,0.47384524534193206,0.016925573348999023
1.1193744077483767,0.46383213014909713,0.008453369140625
1.1190652251842759,0.45270663027039126,0.008457660675048828
1.1202887911494899,0.4427164629888867,0.008468866348266602
1.1200071302807626,0.43270600951182764,0.008472919464111328
1.1197237519794407,0.4226939857384215,0.008483409881591797
1.1209413072264243,0.41271929071025665,0.008486509323120117
1.1206547023571138,0.40270855632803887,0.00850057601928711
1.1203985191357293,0.3938082935993129,0.008510351181030273
1.121610428865745,0.3838468933907102,0.00852203369140625
1.1210262418033732,0.3638190072738088,0.016915321350097656
1.1222325501100774,0.35386942929154025,0.008445024490356445
1.1219365654100475,0.3438530361862868,0.008453607559204102
1.1216389429803901,0.3338333003015141,0.008456945419311523
1.1228398740141707,0.32389379555787234,0.008459329605102539
1.1225392943921564,0.31387186756457297,0.008461952209472656
1.1222707679689263,0.3049602258637223,0.008467435836791992
1.1159876695477267,0.29565346099344453,0.016865015029907227
1.0693337011605113,0.31863036771705794,0.00839543342590332
1.022892157123506,0.34698483274009484,0.008417129516601562
0.9765518527382279,0.3750947178990357,0.008434295654296875
0.9303781388655032,0.4029190653709796,0.008439064025878906
0.8844772271431748,0.4316145457036545,0.008449077606201172
0.8388926529569223,0.45996614075125114,0.008455991744995117
0.7936769018712391,0.4866857018928193,0.008460044860839844
0.7470997472868361,0.5154387511560284,0.00846242904663086
0.7010007472870501,0.5437493282946452,0.008470535278320312
0.6554508436233866,0.570263659783859,0.008477210998535156
0.5623529373513405,0.626874293550873,0.016876697540283203
0.5169547525981008,0.654253098606814,0.0084075927734375
0.4702378004529169,0.6824010857342477,0.00842142105102539
0.42446234099635405,0.709825894190725,0.008433818817138672
0.3773820945096153,0.7380122019410968,0.008453130722045898
0.3313943244364972,0.7653839090207839,0.008471965789794922
0.2841281673774671,0.79350192997984,0.008481264114379883
0.23812216306382028,0.8207036204992616,0.008486747741699219
0.19354214748169088,0.8483781708113436,0.008491039276123047
0.14507489270414353,0.8755260319329693,0.008503198623657227
0.09808160031783822,0.9015896104363663,0.008505582809448242
0.049864826153996684,0.9314258916579371,0.00851583480834961
0.03254384778777479,0.9442476551387229,0.01692962646484375
0.04986767794675902,0.940714444856819,0.00846552848815918
0.07554439748421413,0.9131840133658982,0.008476972579956055
0.1064994330476036,0.9144188521560029,0.008480548858642578
0.12869234698493315,0.9089675543422882,0.008483648300170898
0.15604789861563967,0.8939714418111048,0.008494853973388672
0.17493523480762188,0.8785228887039234,0.0084991455078125
0.19629551583935861,0.8659476543512619,0.008504629135131836
0.2200225042156774,0.851792558350893,0.008526325225830078
0.23824235493589857,0.8383031206933257,0.008537530899047852
0.28430023812085575,0.8137581825490302,0.01693892478942871
0.30939518348281575,0.8029484223462796,0.008465766906738281
0.331655360986767,0.7910652459962171,0.008468151092529297
0.35119133898232613,0.779524783089133,0.008481264114379883
0.3729167080585904,0.7679299930900476,0.008488655090332031
0.3943503166327204,0.7550789597537474,0.00850057601928711
0.413193398948377,0.7453375575411277,0.008509635925292969
0.43410017959154695,0.7313917238444209,0.008517980575561523
0.4797437669641356,0.7091978378982985,0.01691126823425293
0.4998435395552508,0.6970974248268942,0.00846552848815918
0.5219069423358136,0.6850194707598709,0.00847172737121582
0.541491717726168,0.6732136588400424,0.008481979370117188
0.5629957458564605,0.6614409318014334,0.008484601974487305
0.5842145550909994,0.6498200529866244,0.008496522903442383
0.6051540590282976,0.6383477266570938,0.00850534439086914
0.6258200450109893,0.6270207330820473,0.008510828018188477
0.6461915144568202,0.6145399961844819,0.00852203369140625
0.6881758823775311,0.5912623875613601,0.01692032814025879
0.7097466897980447,0.5804566637331267,0.008450031280517578
0.7309924592416615,0.5685324294316957,0.008472442626953125
0.7519478764355084,0.556764793003675,0.008476972579956055
0.7726195041354279,0.5451500689121915,0.008485555648803711
0.7930137446497592,0.5336846684942786,0.008490324020385742
0.813136843001076,0.5223650978208858,0.008496999740600586
0.8329634310011487,0.5099666234747374,0.008506536483764648
0.8543571163881484,0.49893271331764,0.008512258529663086
0.896218391679268,0.4761079890752953,0.016918420791625977
0.9149765207469108,0.4643102609537791,0.008460044860839844
0.9352011019930828,0.4526742218256532,0.008474111557006836
0.9551522833972935,0.44118701507926267,0.008483648300170898
0.9748366370802363,0.4298449561363026,0.008489370346069336
0.995895369974638,0.41868331029005745,0.008491277694702148
1.0150441936796022,0.4076263560097239,0.008492231369018555
1.0355371470009633,0.39675344014291924,0.008507490158081055
1.0541431808541095,0.3848299060070456,0.008517742156982422
1.09374929200963,0.362658624690619,0.016916990280151367
1.1131380809225926,0.35122347624369404,0.008454084396362305
1.132270663436912,0.33992955035710765,0.008455514907836914
1.152623401656677,0.3288532841843709,0.008466958999633789
1.1712438891231831,0.3178358504805154,0.008469581604003906
1.174496826254595,0.3300412116447978,0.008481979370117188
1.1567518366412295,0.3697225309908522,0.008482217788696289
1.1417236957028336,0.4099477681243434,0.008486509323120117
1.126474463109718,0.44947145024470503,0.008496999740600586
1.0953135147994773,0.527556171770605,0.0168914794921875
1.079409671712246,0.5672640150573223,0.008426666259765625
1.0632258382817084,0.6051751341322951,0.008440256118774414
1.048420119431612,0.6446173140507772,0.008444786071777344
1.0333809216150656,0.6833716197521248,0.008447885513305664
1.0181033434990685,0.7214361431341881,0.008457422256469727
1.0026064869139428,0.7599737825002599,0.008466958999633789
0.986882446354764,0.7990046768637574,0.00847172737121582
0.9709024455394953,0.8373642297010951,0.008482694625854492
0.9399292435260364,0.9154136286071748,0.016877412796020508
0.9249281688994222,0.9526674858856966,0.00840616226196289
0.9194720536000942,0.9352183597369927,0.008411645889282227
0.9173881936454582,0.9112017726054082,0.00842428207397461
0.9135496711821717,0.8874237666495962,0.008432149887084961
0.9096920459673971,0.8636355150057088,0.008439779281616211
0.9058146041397891,0.8398346241556568,0.00844264030456543
0.9036664458287632,0.8158377283590244,0.00844717025756836
0.899750611905236,0.7920172231195444,0.008458614349365234
0.8958129979776852,0.7681764734501161,0.00846099853515625
0.8918529602036647,0.7443128041128957,0.008468389511108398
0.8896313865878498,0.7202956399985521,0.008490324020385742
0.885652589832106,0.6975986604546583,0.00850677490234375
0.8793456456352033,0.6496057296145997,0.016901016235351562
0.8752731242494335,0.6256131509863685,0.008430957794189453
0.8729512913872014,0.6015195786777896,0.008442163467407227
0.8688596335542604,0.5786673418141209,0.008444070816040039
0.8664960612605463,0.5545268103951031,0.008445978164672852
0.8623272088943942,0.5303866625807889,0.008460044860839844
0.8599513231548747,0.5073988302147803,0.008464574813842773
0.8557326910371604,0.48316887656309604,0.008491754531860352
0.8533149054427036,0.4601146650671826,0.008496522903442383
0.8490454151641825,0.4357841797637307,0.008508682250976562
0.8465850855938013,0.4126536648514016,0.008522510528564453
0.842300063129251,0.38942995245798556,0.008545637130737305
0.8354632568512177,0.34287551086385365,0.016936779022216797
0.8329187196496977,0.31956695718781836,0.008469820022583008
0.8303545235277081,0.29621522189051325,0.008482694625854492
0.8259886713015875,0.27391977664981704,0.00848841667175293
0.8233835690658475,0.25046427477887284,0.008497476577758789
0.8207982990686958,0.22818818791793863,0.008502721786499023
0.8163216276851042,0.2044704445242499,0.008507490158081055
0.8137008388685849,0.18208663615362053,0.008508443832397461
0.8110631478822058,0.15965341484830967,0.008514165878295898
0.8065638792232247,0.13696620807042525,0.008526086807250977
0.8012007749011226,0.09181661394833308,0.016930341720581055
0.7966392237775627,0.06891925706510296,0.008455038070678711
0.7939162164498033,0.046197313685166816,0.008466482162475586
0.7914716753365492,0.030930671287074694,0.008475065231323242
0.7901898478933448,0.04568471643417243,0.008478164672851562
0.7908165646404094,0.06194085145279454,0.008489131927490234
0.7882282334749442,0.09145202974843691,0.01688861846923828
0.788793311816203,0.10643672182791254,0.008419275283813477
0.7874858477854424,0.12119541699123224,0.008430004119873047
0.7862181453505115,0.13720675476699118,0.0084381103515625
0.7867678029852299,0.1521721092865463,0.008443593978881836
0.7854419708823451,0.16693821906547807,0.008453130722045898
0.7841092360007763,0.18171031793961934,0.00846409797668457
0.7846423566993795,0.19666005534010683,0.008468866348266602
0.7832968829160811,0.2114368718119818,0.008470535278320312
0.7819439597038107,0.22622081955754722,0.008478164672851562
0.7825017807158279,0.24240257246506625,0.008483648300170898
0.781134617041573,0.2571936281659145,0.008507013320922852
0.780254902388683,0.28692129304950476,0.01689910888671875
0.778867980702447,0.3017321650426619,0.008437395095825195
0.7793495944683245,0.3166538965574079,0.008440017700195312
0.7779444535243389,0.33147508733795417,0.008443355560302734
0.7765306108200077,0.3463072668347894,0.00844883918762207
0.776991283318873,0.3612277740099346,0.008456945419311523
0.775561506666747,0.37607501685089195,0.008459329605102539
0.7741226193954874,0.39093490463479463,0.00846409797668457
0.7745614313737215,0.40585896451352765,0.008474588394165039
0.7731059091698429,0.42073727449680237,0.008477210998535156
0.7735296211052036,0.4356636015740834,0.008484363555908203
0.7705747883498999,0.46547733524270823,0.016886234283447266
0.770975399575204,0.48041578148428427,0.008414983749389648
0.7694755113098471,0.49535484601341634,0.008426189422607422
0.7698285825210497,0.5090558975889881,0.008434057235717773
0.7683114105966657,0.5240210356170377,0.008447408676147461
0.7686809421524273,0.5389781512936724,0.008453607559204102
0.767145540140908,0.5539725967973884,0.008463144302368164
0.7674989352794372,0.5689427235981946,0.008471488952636719
0.765916580712796,0.5827204168342066,0.008475542068481445
0.7662543844962486,0.5977057437444729,0.008479833602905273
0.7646824564268192,0.6127654261485419,0.00848841667175293
0.7630998981003367,0.6278477360962934,0.0084991455078125
0.763413056084157,0.6428653936073003,0.008516788482666016
0.7620837403555375,0.6717719417744523,0.016916275024414062
0.7623729614925554,0.6868181960626047,0.008464574813842773
0.76072145450071,0.7007397307894893,0.00846719741821289
0.7609948901303467,0.7158107714743559,0.008468151092529297
0.7593261070524598,0.7297733339782692,0.00847172737121582
0.7595837888683066,0.7448714978203104,0.008482217788696289
0.7579181401440113,0.7601375075524495,0.008489370346069336
0.7581396624891986,0.77400490542917,0.00849604606628418
0.7564553466308542,0.7893189498827964,0.008507251739501953
0.756662582191813,0.8032154770744863,0.008516073226928711
0.755152688436928,0.8325076310064026,0.016911983489990234
0.755339261593843,0.8464470181456981,0.008459329605102539
0.7536101941311911,0.8618857031357492,0.008473873138427734
0.7537828747214317,0.8758592356118196,0.008479118347167969
0.7520174027533731,0.8900826085504026,0.008482933044433594
0.7521909304988453,0.9053653577643263,0.008487701416015625
0.7523435073300251,0.9193891067439756,0.00849604606628418
0.7505572221920048,0.9336886198476266,0.008498668670654297
0.7507463749119054,0.9528667917419585,0.01690816879272461
0.7487114232237261,0.9429020550615554,0.008446693420410156
0.748596186987542,0.9313938467697811,0.008449554443359375
0.7484903294945312,0.9211725980013662,0.008460283279418945
0.748367344625759,0.9096827964403684,0.008471012115478516
0.7463185143301276,0.8997190197825203,0.008483648300170898
0.7462027692637118,0.8895149693572695,0.008494138717651367
0.7460685362271494,0.8780439269660152,0.008497953414916992
0.7459486484990303,0.86785344420003,0.00852060317993164
0.7438694086218621,0.8566147759517077,0.008526086807250977
0.7435890153961542,0.8349880849233876,0.016927719116210938
0.743451606243117,0.82482064509482,0.008463859558105469
0.7433106714537262,0.814659256625715,0.008467674255371094
0.7412105080044858,0.8034189301696988,0.00849604606628418
0.7410622980340804,0.7932637575207414,0.008507251739501953
0.7408912557964249,0.781845759898834,0.008510589599609375
0.7407353701245541,0.7717020717568858,0.008532047271728516
0.7405758443980054,0.7615635068088977,0.008539676666259766
0.7403920063825697,0.7501635189911795,0.00854635238647461
0.7382865788372809,0.7401818389508087,0.00856637954711914
0.7379192133880276,0.7186612963714294,0.01695728302001953
0.7377405175958774,0.7085405973663264,0.008487224578857422
0.737535014101166,0.6971595570010646,0.008499383926391602
0.7373483586359298,0.6870470889111028,0.008498191833496094
0.7352186246367487,0.6770472580821705,0.00850820541381836
0.735000056090935,0.6656720323335937,0.008513450622558594
0.7348017457336123,0.6555641142855321,0.008516311645507812
0.7345996380603823,0.6454591943585497,0.00852060317993164
0.7341575258438942,0.6239953344285524,0.01691436767578125
0.732002526446904,0.6139701240152846,0.00845026969909668
0.7317572801452724,0.6026071475522433,0.008453845977783203
0.7315352148379208,0.5925088704916869,0.008463382720947266
0.7313093193206758,0.582412417783892,0.008471965789794922
0.731050608677115,0.5710558554777839,0.008473396301269531
0.7308165753331854,0.5609626568190061,0.00848531723022461
0.7303065517670511,0.539518492400766,0.016881942749023438
0.7281173947614775,0.5294498650180754,0.008419275283813477
0.7278675637621377,0.5193545825134663,0.008437871932983398
0.7275819379194943,0.507997951131923,0.008448362350463867
0.7273239974884768,0.4979034639909058,0.008455038070678711
0.7270622529876114,0.487809065934313,0.008475780487060547
0.7267967135441195,0.4777145758254025,0.008482217788696289
0.7264934581784027,0.46635794031993777,0.008487224578857422
0.7262198893707258,0.4562626583646902,0.008506536483764648
0.7259425606401948,0.4461667258612777,0.008508682250976562
0.7256260881612019,0.4348078050832711,0.008522987365722656
0.7253408151209528,0.42470990755119975,0.00852823257446289
0.7228123484742671,0.40445747242845287,0.01692485809326172
0.7225158041793162,0.3943494859768971,0.008463859558105469
0.7221778028282303,0.38297595690812863,0.008466243743896484
0.7107467695110599,0.3927263626427616,0.008489847183227539
0.6878735577173591,0.42136810605891345,0.00850820541381836
0.6646291702950685,0.45041512532959904,0.00850987434387207
0.6409642895759045,0.47858607018241667,0.008522510528564453
0.6190153889588003,0.5084675475708733,0.008523941040039062
0.5987908534594328,0.5374206869764814,0.008534908294677734
0.5530468683985484,0.5939145178722607,0.016933917999267578
0.5318115703510583,0.6226934072424404,0.008466005325317383
0.5102267744603177,0.6505103445166411,0.008471250534057617
0.4883116281018527,0.6787078853185867,0.008482694625854492
0.4660576502651205,0.707297442181375,0.00848698616027832
0.4434562854244349,0.7362906682636221,0.008497476577758789
0.42282735907436897,0.7641297397133517,0.008502006530761719
0.3995257659081513,0.7925326278253632,0.00850534439086914
0.3782509294541831,0.8197211496581692,0.008515119552612305
0.33231830744775304,0.8783269760198309,0.016909122467041016
0.31006466883770534,0.906679405017951,0.008443593978881836
0.2874796464419477,0.9339691262629674,0.008454322814941406
0.2671296975265615,0.9598482489527802,0.00845479965209961
0.2542330494415094,0.9438248442696066,0.008467435836791992
0.2438300426244947,0.9244612257820445,0.00847768783569336
0.2333520163289762,0.903539022351731,0.008486032485961914
0.22018144011933105,0.8842762868581406,0.008497238159179688
0.19618703965770562,0.8451595104799986,0.01689624786376953
0.18539284611802487,0.8253274184964532,0.008424997329711914
0.17182116647801385,0.8041321233524226,0.008430719375610352
0.1527181425549414,0.7847152634246305,0.008451700210571289
0.1443775886453264,0.7658439792706034,0.008474111557006836
0.13601584427669117,0.7499080279815097,0.008486270904541016
0.12485265335984409,0.7340849634166542,0.00848698616027832
0.11358224336133962,0.715162806935196,0.008496522903442383
0.10225053258933908,0.697654515238618,0.008511543273925781
0.09084110092483069,0.6800538192891383,0.00852823257446289
0.07937354316898956,0.6638783953602666,0.00853276252746582
0.047560548961261544,0.6269722492752209,0.016932010650634766
0.038686784654521356,0.6103973932503851,0.008460521697998047
0.029737241563979833,0.592218557140651,0.0084686279296875
0.012006334011312035,0.5741397387134581,0.008483171463012695
0.002712966629241464,0.5449529756943722,0.008503198623657227
-0.009633284323327511,0.5141121740405603,0.008502721786499023
-0.02469834544700791,0.5001886822392418,0.008507966995239258
-0.036828780333467294,0.48928782453804126,0.008526802062988281
-0.04331103425894691,0.46585521276324937,0.008538007736206055
-0.06807462924724444,0.4358330972111608,0.01693248748779297
-0.07451227742989887,0.42001253294337987,0.008471250534057617
-0.08407162704273143,0.4024984001536921,0.008475303649902344
-0.09616042969055001,0.40854383440753267,0.008486509323120117
-0.10193265730236926,0.42425097249967414,0.008498430252075195
-0.10766393620039585,0.44317854999280265,0.008514404296875
-0.11353481938047193,0.4573982497562142,0.008516311645507812
-0.12251160186077008,0.47323679267083146,0.00852346420288086
