Px,Py,Mx,My,Mxv,Myv,dt
1.8534523248672485,0.622393786907196,0.5687785148620605,0.5871302485466003,0.030617278069257736,0.04139995202422142,0.0020648979698307812
1.8534365045558383,0.6223541535917892,0.5689875533263877,0.5873339135577016,-0.026620985310946213,-0.051292076795524146,0.006677899044007063
1.8533744812011719,0.6223861575126648,0.5689107775688171,0.5871809124946594,1.257255692783954e-12,0.028065403923392296,0.008319043961819261
1.853465752979374,0.6224487970231346,0.5689487662162774,0.5872704200289425,-0.007083336300455293,-0.0102720417217506,0.00836556701688096
1.8535373210906982,0.6224198341369629,0.5691143870353699,0.5874373912811279,0.09045452624559402,0.10753224790096283,0.008347268973011523
1.8535590118623857,0.6224136604957001,0.5701142960321841,0.5883915053776357,0.0427044742045521,0.2582839757483071,0.008321668021380901
1.853429913520813,0.6223934292793274,0.5711531639099121,0.5910717844963074,0.2970026135444641,0.22083167731761932,0.008472529996652156
1.8534398377407288,0.6224170306533364,0.5734009544964916,0.5930486054543543,0.22937788592193148,0.23537414556256234,0.00818494101986289
1.8533686399459839,0.6223926544189453,0.5756126642227173,0.5949824452400208,0.3621712327003479,0.17862242460250854,0.008433397975750268
1.8533852719843082,0.6224387040251906,0.5783286625136019,0.5959993931857066,0.3103018054846287,0.16698076491702227,0.008248321013525128
1.8535301685333252,0.6223932504653931,0.5808244943618774,0.5974119305610657,0.3221246898174286,0.13030415773391724,0.00855561502976343
1.8534843405009802,0.6223683177193988,0.5836674943301688,0.5984046723430023,0.27041723050208,0.09529118425077812,0.008121213992126286
1.8534982204437256,0.6224017143249512,0.5857271552085876,0.5985909104347229,0.2736035883426666,0.04014681279659271,0.008359063998796046
1.8535874980149767,0.6224099475347135,0.5885431953464021,0.599091484993984,0.25911369947097146,-0.012547532826595154,0.008295797975733876
1.8535304069519043,0.6222881078720093,0.5903181433677673,0.5990254282951355,0.28207477927207947,0.0007111451704986393,0.008404513995628804
1.8534270460288442,0.6223442416096576,0.593073313620599,0.5988736597530988,0.24515454888321286,-0.015445491361021394,0.008279665024019778
1.8534750938415527,0.6224159598350525,0.5949837565422058,0.5985852479934692,0.26624563336372375,-0.034912705421447754,0.008477355993818492
1.8533350228947791,0.6223050722101305,0.5972772284842726,0.5983804261442484,0.27658506538616057,-0.0361564114061958,0.00819208100438118
1.8533624410629272,0.6224086284637451,0.599480390548706,0.5977064967155457,0.2746177613735199,-0.04142207279801369,0.008421165985055268
1.8533275663641782,0.6224643829546559,0.6012981064292949,0.597387397778483,0.32421647030470857,-0.08085947224533875,0.008248716010712087
1.8534140586853027,0.6224174499511719,0.6041980385780334,0.5967233777046204,0.25876522064208984,-0.05775778368115425,0.008458658994641155
1.8535941192528915,0.6224957063119028,0.6062279767509313,0.5961820674143012,0.32410421036157155,-0.1132114074441094,0.00821061001624912
1.853499412536621,0.6223009824752808,0.6090578436851501,0.5951218008995056,0.29857248067855835,-0.1371934562921524,0.008296929008793086
1.8535357049765675,0.6223684590786186,0.6113799865468594,0.5941446041669685,0.33675104607284106,-0.13207869222778035,0.008385956985875964
1.8534977436065674,0.6222320199012756,0.6143524050712585,0.5930107235908508,0.30534493923187256,-0.13902342319488525,0.00844936800422147
1.8534193106829193,0.6221708195043034,0.6165032923137806,0.592112755826974,0.3357571177107109,-0.14918647997740495,0.008209006977267563
1.853374719619751,0.6222580671310425,0.6196647882461548,0.590846061706543,0.2927103042602539,-0.11485862731933594,0.008464925980661064
1.8533377977073842,0.6222775168362551,0.6221402863000136,0.5897390482132665,0.32411864804288354,-0.15381565999862895,0.008222244039643556
1.8535631895065308,0.6223549246788025,0.6247338056564331,0.5883660912513733,0.3138742744922638,-0.1659735143184662,0.008433492970652878
1.8534751021661915,0.6225702831577616,0.6270846917296494,0.5870518352205317,0.3043696858823365,-0.16109830879231915,0.008252533036284149
1.853486180305481,0.6226155161857605,0.6301544308662415,0.585798978805542,0.3027379810810089,-0.11259477585554123,0.008427734952419996
1.853499007611865,0.6226024364258894,0.6319847141855055,0.5849769344689516,0.27254611523756955,-0.16024967755050099,0.008212475047912449
1.8533905744552612,0.6225456595420837,0.6346732378005981,0.5833911895751953,0.33670687675476074,-0.2061953842639923,0.008475116977933794
1.8535016229609478,0.6225003916088059,0.6372443500217144,0.5815428445997456,0.26354864684074997,-0.16663574464071979,0.008210930973291397
1.85343599319458,0.6224437952041626,0.6393702030181885,0.5803477168083191,0.31162670254707336,-0.11371036618947983,0.008404157008044422
1.853403528129555,0.6223085609762138,0.6424624282623711,0.5793816292124383,0.26866761925327887,-0.1856425121952631,0.008266880991868675
1.8533680438995361,0.6220031380653381,0.6442033052444458,0.5779497623443604,0.31291210651397705,-0.1904849410057068,0.008464389014989138
1.8533510472392978,0.6220634195446675,0.6473360692499189,0.5757041749734764,0.2795079688084102,-0.14068357115471453,0.008191925997380167
1.8533849716186523,0.6222009062767029,0.6491223573684692,0.5751726031303406,0.30544623732566833,-0.1666192263364792,0.008332936035003513
1.853360905006553,0.6222093548492272,0.6520407933734038,0.5738526662032268,0.3063213493289197,-0.20677870124685205,0.008349579002242535
1.8535202741622925,0.6223811507225037,0.6541454195976257,0.5720850229263306,0.31166914105415344,-0.21331466734409332,0.008439423982053995
1.8535575838189327,0.6224024750139842,0.6571696382855833,0.5699044766150442,0.28747290790292,-0.1272203214383102,0.00823146797483787
1.8535254001617432,0.622373104095459,0.6590366363525391,0.5692898035049438,0.325238436460495,-0.17322604358196259,0.00830499001313001
1.8536482460664028,0.6225196338040776,0.6619237725089463,0.5677896109332656,0.30159826032933534,-0.22099081254949787,0.008366603986360133
1.8536428213119507,0.622399091720581,0.6640434265136719,0.566164493560791,0.3141425549983978,-0.20816585421562195,0.008453598013147712
1.8534312043980568,0.6224703918557865,0.6668519344929098,0.5644001155141138,0.27707000492034506,-0.17746133308679762,0.00822058302583173
1.8534818887710571,0.6224503517150879,0.6691707372665405,0.5628986954689026,0.28985142707824707,-0.21335195004940033,0.008644866989925504
1.8535018651401365,0.6224122438274867,0.6712213741917297,0.5613319654235046,0.28081117042771847,-0.22341966391864623,0.008042017987463623
1.8534129858016968,0.6222946047782898,0.6735953092575073,0.5595506429672241,0.2690340280532837,-0.14873024821281433,0.00829753401922062
1.8532382712444089,0.6223167440538382,0.6762248599820352,0.5582340678610407,0.27066764268589416,-0.17364935766225234,0.008360164996702224
1.8534585237503052,0.6222968697547913,0.6780081391334534,0.5568389296531677,0.2801576554775238,-0.21785478293895721,0.008459295961074531
1.8534659792597428,0.6222657592431019,0.6805625882001867,0.5547456349878602,0.3051674717002559,-0.18369591042538452,0.00819007505197078
1.8533860445022583,0.6222978234291077,0.6829855442047119,0.5536578297615051,0.2853725254535675,-0.20970754325389862,0.00847521098330617
1.8533677095459866,0.6223038354888623,0.685672536608499,0.5517747386896001,0.2710890972490318,-0.21694817905369917,0.008224382996559143
1.85360848903656,0.6223905086517334,0.687700092792511,0.5501270294189453,0.2995511293411255,-0.18572771549224854,0.00845151097746566
1.8534789145234571,0.6224467348663887,0.6905081648610996,0.5485031924842864,0.26982815351016426,-0.18840633165386167,0.008307720010634512
1.8534234762191772,0.6224679946899414,0.6925805807113647,0.5471168756484985,0.2731756269931793,-0.19514799118041992,0.008370683994144201
1.8535875599739535,0.6225157394953755,0.6950195451097222,0.5452728563368434,0.28588458587088356,-0.1980467627259624,0.008227140991948545
1.8535120487213135,0.6224850416183472,0.6973941326141357,0.5438869595527649,0.28904709219932556,-0.18408793210983276,0.008417132019530982
1.8533040967945547,0.6223368859961692,0.6996750288008751,0.542244040796794,0.2790818226617141,-0.2004249036720153,0.008237641013693064
1.8535674810409546,0.622407078742981,0.7018469572067261,0.5403546690940857,0.3045671880245209,-0.19117051362991333,0.008454111986793578
1.8532552503251842,0.6222175415756129,0.7041575404209298,0.5388946286749746,0.28774075053424425,-0.18120542044995988,0.008210389991290867
1.8534849882125854,0.6222396492958069,0.7064704895019531,0.5372838377952576,0.27556276321411133,-0.1939280778169632,0.00836408999748528
1.853388948442714,0.6222188681615548,0.708630108115869,0.5357872023504873,0.27612579154578953,-0.19113674826439384,0.0083359110285528
1.8534700870513916,0.6223545670509338,0.7108985781669617,0.5344202518463135,0.243407741189003,-0.10130532085895538,0.008694785996340215
1.853508621192177,0.6224579891997634,0.7129177404589421,0.5339867646189097,0.2513585632384473,-0.10619994917853628,0.007945227960590273
1.8534456491470337,0.6225787401199341,0.7153452038764954,0.5328717231750488,0.21889270842075348,-0.10602967441082001,0.008311314042657614
1.8535829593579,0.6224986089053269,0.7171424850591197,0.532007212092275,0.2508309470258746,-0.11027359617995158,0.008366788970306516
1.8535126447677612,0.6224878430366516,0.7187683582305908,0.531204104423523,0.260067880153656,-0.0649939477443695,0.008397100027650595
1.8533808381663,0.6225482038859037,0.7213421451959925,0.530738038808328,0.22857351117975303,-0.06482108410327483,0.00827296799980104
1.8535284996032715,0.6224803328514099,0.7230936288833618,0.5304068922996521,0.2620515823364258,-0.005464433692395687,0.008444348990451545
1.8533319465532423,0.6222760949405576,0.7253872934685843,0.5305860821146715,0.2632403210346879,2.623194798881401e-05,0.008242094016168267
1.8533941507339478,0.6222394704818726,0.7277624011039734,0.5305208563804626,0.2426363080739975,-0.033535558730363846,0.008447400003205985
1.8534455391771074,0.6223139411457476,0.7297026481621058,0.5299551694424158,0.27672075248596767,-0.015733822360299986,0.008221634954679757
1.8534464836120605,0.6223185658454895,0.7320148944854736,0.5298592448234558,0.27528655529022217,-0.010632162913680077,0.008456054027192295
1.8534751924531236,0.6223868798839742,0.7343280216594615,0.5297784962436687,0.2783332547727719,0.0025836264991076323,0.00822594400960952
1.8534770011901855,0.6223685145378113,0.7364062666893005,0.5297175049781799,0.23450307548046112,0.0268483217805624,0.008336055965628475
1.8535153553373718,0.6224655831783787,0.7385648155078431,0.5302310536526315,0.2464252440937349,0.02433485506821024,0.00832663499750197
1.8534842729568481,0.6224923133850098,0.7408385872840881,0.5305644869804382,0.2385905534029007,0.03855082765221596,0.008444937993772328
1.8534794842183635,0.6222666892932892,0.7424547612509144,0.5307544535018007,0.28287771897530023,0.07192939874258561,0.008212832035496831
1.8533594608306885,0.6222578883171082,0.7449280619621277,0.5312660336494446,0.2358124703168869,0.02866833284497261,0.008474391011986881
1.8534590156948274,0.6223519089741134,0.7466676573603828,0.5312378506526922,0.2438868707448843,0.023726742655453718,0.008225754951126873
1.8532992601394653,0.622252345085144,0.7491375207901001,0.5312333106994629,0.2169974446296692,-0.0003356387896928936,0.008420201018452644
1.8534085477067046,0.6224147540784903,0.7508268768565092,0.5311377279758703,0.22160444061376433,-0.026059512936683214,0.008250366023276001
1.8534101247787476,0.622323215007782,0.7531834840774536,0.5309857726097107,0.236352801322937,-0.046533647924661636,0.008281864982564002
1.8534587171057504,0.6224870977479235,0.7547943186429497,0.5306894322361037,0.23088640024300378,-0.05403463182195405,0.008356352976989001
1.853506326675415,0.6225084066390991,0.7570054531097412,0.5298405885696411,0.26492494344711304,-0.04998429864645004,0.008455856004729867
1.8534491477077712,0.6224037446193983,0.7588747680261552,0.5295679910087177,0.23087112634338772,-0.05327471584446273,0.008234756998717785
1.853529930114746,0.6224937438964844,0.7608607411384583,0.5291430354118347,0.24566347897052765,-0.030817896127700806,0.008307102019898593
1.853466311473441,0.62238573650624,0.7626793053806903,0.5289240883562059,0.2263856090604186,0.015338402057949244,0.00837692798813805
1.853528380393982,0.6223767995834351,0.7646433115005493,0.5292083024978638,0.2533395290374756,-0.01881454326212406,0.008290211029816419
1.853406560317861,0.6223167309307159,0.7667883033924898,0.5292216738387981,0.24067355221694295,-0.028160728013466408,0.008400815015193075
1.853467345237732,0.6223565936088562,0.768989622592926,0.5289710760116577,0.27312231063842773,-0.014378680847585201,0.008430584974121302
1.8536215616406608,0.6223509028474589,0.7707618424984433,0.5287852872535161,0.2532518657037075,-0.02853561236921837,0.008257327019236982
1.8533824682235718,0.6222603917121887,0.7728791236877441,0.5282596945762634,0.2959451377391815,-0.053891755640506744,0.0083775429520756
1.8533977198466656,0.622237971447348,0.7749871125798679,0.5280151829912597,0.23350012575744516,-0.10338674399565445,0.008280293026473373
1.8534250259399414,0.6223989725112915,0.7770575284957886,0.5270490646362305,0.2499161660671234,-0.08978956937789917,0.00830416998360306
1.8534493726949341,0.6223966908831406,0.7790772411699755,0.5263482521678724,0.2072057731670257,-0.08104034664866351,0.008365929999854416
1.8534846305847168,0.6223915815353394,0.7805018424987793,0.5257639288902283,0.26205188035964966,-0.0559040904045105,0.008430030022282153
1.8534217270465119,0.6223526307565013,0.7827530605246127,0.5254463986907948,0.2308792066214158,-0.015223030312726558,0.008219375973567367
1.8534066677093506,0.622422993183136,0.7847386598587036,0.5254098773002625,0.25071847438812256,-0.0014857393689453602,0.008450191002339125
1.8534492460619882,0.6223955276972388,0.787201474118387,0.5253416322103759,0.21689156685157698,0.005679170305173873,0.008247621997725219
1.8534183502197266,0.6224576234817505,0.788963794708252,0.5252513885498047,0.2441563606262207,0.03159733861684799,0.008262765011750162
1.8534192505049725,0.6225498593549337,0.7900550816433617,0.5252972687959709,0.2892431336429074,0.017633393178670347,0.008382518019061536
1.8535205125808716,0.6223946213722229,0.7924461960792542,0.5251061916351318,0.2280232012271881,0.03809899464249611,0.008463755017146468
1.853465858828855,0.6223634119758522,0.7947183649903884,0.5253013763887872,0.24469251805081826,0.021423044717316847,0.008208794984966516
1.8532973527908325,0.6221585869789124,0.7965337634086609,0.5254421234130859,0.21800386905670166,-0.024070560932159424,0.008394236967433244
1.8534695643489292,0.6221561919781783,0.7985234081158062,0.5252024285745386,0.2266444392773272,-0.029713730591463955,0.008321188041009009
1.8533053398132324,0.6222118735313416,0.8004202246665955,0.5246844291687012,0.2057727575302124,-0.029885290190577507,0.008282634953502566
1.8533149108890927,0.6221846201743285,0.8021918498049616,0.52440532691149,0.2548203170153148,-0.066909332899081,0.008353645040187985
1.853479027748108,0.6223421096801758,0.8041500449180603,0.5240170359611511,0.23506470024585724,-0.06838557869195938,0.0083764239680022
1.853503795808806,0.6223883584085128,0.805962383479804,0.5236034765665719,0.2367239469812399,-0.053187469477561235,0.008256625034846365
1.8534125089645386,0.6225364804267883,0.8080132007598877,0.5231736898422241,0.20436428487300873,-0.04301054775714874,0.008477976953145117
1.8534634229333549,0.6226174448480063,0.8095003677359212,0.5228230285313341,0.22305247995926641,-0.014954364853561716,0.008241026022005826
1.8534938097000122,0.6226050853729248,0.8114014267921448,0.5226321220397949,0.16807088255882263,-0.050664618611335754,0.008285254007205367
1.8533711046442372,0.6224236518412565,0.8128290652476398,0.5220861508168596,0.18141347427133028,-0.055457043899486774,0.008384375018067658
1.8533226251602173,0.6224401593208313,0.8143331408500671,0.5217360854148865,0.11293382942676544,-0.09384993463754654,0.008430106972809881
1.8534556622643383,0.6221941114718434,0.8152732132101611,0.5207797516619853,0.13269831665889126,-0.07754820548751125,0.008210539002902806
1.853359580039978,0.6220117211341858,0.8163864016532898,0.5203056335449219,0.09786900132894516,-0.08250539749860764,0.008448578009847552
1.8534555329812137,0.6220603341100465,0.8170192973065585,0.5198545657403691,0.10863757123078435,-0.06413088475639517,0.008261172974016517
1.8534032106399536,0.6219472885131836,0.8182728886604309,0.5194452404975891,0.0928327739238739,-0.03557142987847328,0.008259194029960781
1.8534232116862972,0.6221514388358964,0.8188646506989119,0.5192090983164519,0.09139923968066398,-0.01222823531126506,0.008400510996580124
1.8534417152404785,0.622359037399292,0.8196862936019897,0.519051730632782,0.16668787598609924,0.01601807028055191,0.008434390008915216
1.8534872547166565,0.6225619976145894,0.8208170581320388,0.5193699994882536,0.11861450293438652,0.022558093804773065,0.008247282996308059
1.8534941673278809,0.6226817965507507,0.8218927979469299,0.5195744633674622,0.1477900892496109,0.020854882895946503,0.008380707004107535
1.8534897565330637,0.6225808293410855,0.8229922401077485,0.5199180704899036,0.10727461494058173,0.06087179189614546,0.008308732009027153
1.8534414768218994,0.6225770711898804,0.8239802122116089,0.5204732418060303,0.13289520144462585,0.08054917305707932,0.008332090976182371
1.8534138211137394,0.6224885153250134,0.8251567514856393,0.5214120933253207,0.09563719827227839,0.044599181458074864,0.008375610981602222
1.8535605669021606,0.6223446726799011,0.8257179260253906,0.5215217471122742,0.14141720533370972,0.0558241531252861,0.008300986024551094
1.853259303565629,0.6223048685795952,0.8273582257883502,0.5217711902581288,0.02913669038782868,0.03697833647741014,0.008331232995260507
1.853370189666748,0.6222207546234131,0.8274930715560913,0.5220901966094971,0.08865417540073395,0.025393251329660416,0.008418211014941335
1.8534503875990311,0.622206881410939,0.8285076120024052,0.5222688148256743,0.0714451804735244,0.04583326540677338,0.008241033996455371
1.8533709049224854,0.6222953200340271,0.8290716409683228,0.5226914882659912,0.09197762608528137,0.038384512066841125,0.008363071014173329
1.853547761427877,0.6224105557800547,0.8299425326388145,0.5227491008365767,0.07901301033395045,0.0647418621188368,0.00831760698929429
1.8534806966781616,0.6223944425582886,0.8305850625038147,0.5230671763420105,0.052185412496328354,0.0031255679205060005,0.008400886959861964
1.8533270632805183,0.6223775559397948,0.8312828849713668,0.5229803379650191,0.09549042912053103,-0.01394362021059021,0.008271485043223947
1.8535478115081787,0.622356116771698,0.8319838643074036,0.5228130221366882,0.0626002848148346,0.017795085906982422,0.008402528008446097
1.853522433640947,0.6224865129667633,0.8327760922326194,0.523083805573885,0.08337850818052922,0.01788008017123312,0.008276501961518079
1.8536086082458496,0.6223882436752319,0.8332047462463379,0.5232976078987122,0.06759895384311676,0.021914880722761154,0.008347615017555654
1.853586403175507,0.6223116579223326,0.8339593909198376,0.5235730400689211,0.12558685011164314,0.06007856781977653,0.008300306973978877
1.8535796403884888,0.6222485899925232,0.8347967267036438,0.5241507291793823,0.06603510677814484,0.01718558371067047,0.008432904025539756
1.853483765057097,0.6223062572438779,0.8355869449507201,0.5242786008210829,0.09304338907770589,-0.0067043923993911556,0.008270217978861183
1.853376030921936,0.6222019195556641,0.8361653685569763,0.5241045355796814,0.023843513801693916,-0.006567595060914755,0.008388571033719927
1.853474975792853,0.6223034937197649,0.8361865940519864,0.523967109015195,0.06259159580186986,-0.029913164522175337,0.008281592978164554
1.8533326387405396,0.6222452521324158,0.836765706539154,0.523757815361023,0.018288178369402885,-0.015174207277595997,0.008406158012803644
1.853478422063287,0.6224369115070735,0.83688038007507,0.5236948839860437,0.002105983122393733,0.0024133357598319916,0.008247679972555488
1.8534752130508423,0.6224954128265381,0.8369601964950562,0.5238273739814758,0.016156161203980446,-0.004352266900241375,0.008433601004071534
1.8534510324881641,0.6224026704938235,0.8368842480919301,0.5238669948062079,0.010174724816228744,-0.010792526182380682,0.008241764036938548
1.8534789085388184,0.6225888729095459,0.8370636701583862,0.523570716381073,0.02455623634159565,0.016230087727308273,0.008419955964200199
1.853458425310325,0.6224865548617949,0.8372446674363521,0.5234874756332818,-0.002205439193644635,0.0025529797060990095,0.008246826007962227
1.853488564491272,0.622455358505249,0.837372899055481,0.5234175324440002,0.07753559947013855,-0.030619362369179726,0.008388652000576258
1.8534965659315175,0.6225563180241516,0.8378474451445095,0.523111891372556,0.03532353570803932,-0.010483196988759613,0.008276120002847165
1.8536709547042847,0.6223618388175964,0.8381712436676025,0.5230579972267151,0.051842041313648224,-0.05812179297208786,0.008381357009056956
1.8534122428999005,0.6222267228877264,0.8386151930428557,0.5227364140088232,0.03530820693655076,-0.0387392122659347,0.008304660965222865
1.8533464670181274,0.6221749782562256,0.8387928605079651,0.5223803520202637,0.014162211678922176,-0.034071408212184906,0.008412002003751695
1.8534358746567492,0.6221983946863727,0.8389778681307821,0.522003032803332,0.030204047154232052,-0.0001695385329793589,0.00825175701174885
1.8534809350967407,0.6222412586212158,0.8389615416526794,0.5221351981163025,0.03238113597035408,-0.01881171390414238,0.008407007029745728
1.8535357049765675,0.6223684590786186,0.839269227683631,0.5220621607499061,0.005275558980065501,0.017399523127689456,0.008241164963692427
1.8534845113754272,0.6222979426383972,0.8391903638839722,0.5222775340080261,0.02023499272763729,0.011573264375329018,0.008471497043501586
1.853513149070841,0.6225374386750412,0.8392516572044809,0.5223426569583642,0.01147378173133819,0.028657982848042184,0.00821311998879537
1.8534284830093384,0.6225634813308716,0.8392535448074341,0.5224746465682983,-0.01900760643184185,0.012538920156657696,0.008418145996984094
1.8534608138246746,0.622448217686992,0.839108964238408,0.5224559911972245,-0.002545986987456686,-0.0037941821691094696,0.008268982986919582
1.8534307479858398,0.6225264668464661,0.8391140699386597,0.5226251482963562,1.3731556039800474e-13,0.02093469351530075,0.008613589976448566
1.8534854441484292,0.6223657455683314,0.8391140476699142,0.5227868524648264,-2.7200190904652003e-13,0.016536914455134062,0.00803517404710874
1.85348379611969,0.6224008202552795,0.8391720652580261,0.522636890411377,0.012037129141390324,0.03703653812408447,0.00833557196892798
1.8533687445773954,0.6223072450148474,0.8393105913652937,0.5228189657851497,0.0368875415085262,0.00948639632666963,0.008352332981303334
1.8534228801727295,0.62239670753479,0.8394692540168762,0.5228456854820251,0.018602263182401657,-0.003485696855932474,0.008442533027846366
1.8535223655895647,0.6223472121992999,0.839653958410911,0.5225778138996243,0.006793436313045459,-0.0045177410991946824,0.008238858019467443
1.8534367084503174,0.6222792267799377,0.8398829102516174,0.5225653052330017,0.019729945808649063,0.009204141795635223,0.008416912984102964
1.8534575132266145,0.6224277324908544,0.8398958745343323,0.5227474671905857,0.034484244136666425,-0.017205887433383228,0.008244215976446867
1.8535327911376953,0.622409999370575,0.8400816321372986,0.5226757526397705,0.018911974504590034,-0.022099943831562996,0.0084322250331752
1.8537126821925434,0.6224182417322885,0.8401920172719873,0.5224951501753953,0.027449135860368797,-0.017736319820090114,0.008247004996519536
1.8533210754394531,0.6224586963653564,0.8402584791183472,0.5223014950752258,-1.4332617395435704e-13,0.021987486630678177,0.00841547001618892
1.8534864168792042,0.6224225379504678,0.8402979045115394,0.5224469742683152,0.020119965036330956,-0.010180031542812919,0.008250526967458427
1.8535171747207642,0.6222841739654541,0.8404518365859985,0.5224910974502563,-0.02279316447675228,-0.012142677791416645,0.008426496002357453
1.8534612504071437,0.6223544268011154,0.8402584917752595,0.5224736236581929,4.690374336175821e-13,0.0024876755041416607,0.008226350008044392
1.8534705638885498,0.6222290396690369,0.8402978777885437,0.5227257013320923,0.024111300706863403,-0.02084912732243538,0.008462034980766475
1.8533972992091479,0.6224175908313316,0.8403544982718563,0.5228335602892282,0.03222667498921173,0.007432289368704895,0.00823430303717032
1.8533759117126465,0.62238609790802,0.8406651020050049,0.5227553248405457,0.04199950024485588,0.07441802322864532,0.008301077992655337
1.8533431602583648,0.6223893475985564,0.8409231880598834,0.5235862748581845,0.04132702468923917,0.036697907191833745,0.008366681984625757
1.8533124923706055,0.6222820281982422,0.8413377404212952,0.5239883065223694,0.06932906806468964,0.06739331036806107,0.008605942013673484
1.8534324693083097,0.6224281054676325,0.8419814118673895,0.5243838955317006,0.025928103946309268,0.12205224172714474,0.008047318959143013
1.8533824682235718,0.6223939657211304,0.8421702980995178,0.5254789590835571,0.088946633040905,0.10173948854207993,0.008333075034897774
1.853555385760249,0.6224908935887388,0.8428501808895211,0.5266051558550291,0.07136867168624286,0.08515052529562643,0.008358299965038896
1.8536231517791748,0.6225153803825378,0.8434043526649475,0.5271032452583313,0.05523703247308731,0.039222098886966705,0.008613986021373421
1.8533835373094985,0.6222215108329714,0.8439646957242221,0.5271865432829277,0.034221980593507395,0.024028925337153874,0.00804809300461784
1.8534876108169556,0.6223695874214172,0.8440370559692383,0.5274195671081543,0.01600475050508976,0.02797333337366581,0.00832386699039489
1.8534082157305476,0.6222305181989528,0.8441086043983396,0.5275954780894111,0.003710756579741936,-0.012916682578015603,0.00834275601664558
1.8536146879196167,0.6222878694534302,0.8440916538238525,0.5275017023086548,-0.012047451920807362,-0.02955261804163456,0.008462746976874769
1.8534732072268607,0.6223516004722471,0.844098158939601,0.5270453230906952,-0.021255992477928226,0.010253893332821673,0.008216574031393975
1.853302240371704,0.6223441362380981,0.8437336087226868,0.5271371006965637,0.002164694480597973,-0.0332346186041832,0.008405956963542849
1.85335357881378,0.6223132156216534,0.8436882308925452,0.5267063629357632,-0.007910910245291248,-0.07835724540997005,0.008267102006357163
1.853452205657959,0.6223970651626587,0.8434983491897583,0.5260063409805298,-0.03713145852088928,-0.08447578549385071,0.008555339998565614
1.8534764274092594,0.6223697905222065,0.8430516987277527,0.5255988918241018,0.011858807752553019,-0.06638419481283753,0.008119422011077404
1.8534225225448608,0.6223472952842712,0.8431134223937988,0.5249795913696289,-0.07438444346189499,-0.08806787431240082,0.008317489991895854
1.8534710042650573,0.6223420488062653,0.8424330653747163,0.5240249616218112,-0.03561959687420878,-0.05338753557001592,0.008348470029886812
1.853562831878662,0.6223980784416199,0.8423203825950623,0.5235775113105774,-0.032913099974393845,-0.05468030646443367,0.00866661500185728
1.8534510024532551,0.622374735392137,0.8418920217635295,0.523239472352304,-0.03729465843510479,-0.028572378330801194,0.008005161012988538
1.8535033464431763,0.6223602294921875,0.8416987657546997,0.5232076048851013,-0.0044847815297544,-0.01985892467200756,0.00832054199418053
1.853519992651333,0.6224068669407428,0.8417184553612536,0.5230624954475497,-0.029488108406036113,0.013195128448269925,0.008360908948816359
1.853332757949829,0.622316300868988,0.8416123390197754,0.523006021976471,-0.012127276510000229,0.027516372501850128,0.008444047009106725
1.8533967147730925,0.6223316334173572,0.8415936765648371,0.523333902614327,4.9828575735835706e-15,0.013047433925954815,0.008293391030747443
1.8534570932388306,0.6224450469017029,0.8415936827659607,0.5233750939369202,-9.333954778794479e-14,0.004161537624895573,0.008271356986369938
1.8533535663146607,0.6224342493045222,0.8416210578566851,0.5233526250697792,-0.018004660101462608,-0.005103493291568157,0.008363839006051421
1.8535581827163696,0.6224043369293213,0.8415423035621643,0.5232274532318115,-0.02121599018573761,-0.004184596706181765,0.008402068982832134
1.8535458559439812,0.6225267251604969,0.8413624650487217,0.5229758729229368,-0.039354753696243305,-0.016385204566636846,0.008233505999669433
1.8537042140960693,0.6224439740180969,0.8409007787704468,0.5227237343788147,-0.01909869723021984,-0.04870762676000595,0.008327096002176404
1.8535223149634603,0.6224766010850378,0.8407264803407015,0.5223729093735685,-0.022905933770658346,-0.08431742868027677,0.008347464026883245
1.853439211845398,0.6225055456161499,0.8403452634811401,0.5218692421913147,-0.06317542493343353,-0.05125829577445984,0.008416924974881113
1.8533131010077506,0.622347045848796,0.8402290368778678,0.5217533408619982,-0.04814863609178829,-0.01113361662026594,0.008254625019617379
1.8534096479415894,0.6223328709602356,0.8398634791374207,0.52149897813797,-0.01094055362045765,0.011301291175186634,0.008427387976553291
1.8533217066371526,0.6222699158381343,0.8397679417020963,0.5215908468919908,0.009798053307314047,0.03241042805714325,0.00823327898979187
1.8533873558044434,0.622359037399292,0.8398113250732422,0.5217915177345276,0.01791207864880562,0.037188418209552765,0.008332141034770757
1.8533198082832316,0.6223329163086317,0.8400835306739306,0.5221476204185016,0.0034694224436097633,0.025562793808880963,0.00836649996927008
1.8534494638442993,0.6222277879714966,0.840073823928833,0.5222315788269043,0.033308304846286774,0.041712842881679535,0.0084211960202083
1.853459173073222,0.6222303043761734,0.8403418416899424,0.5226393971262842,0.03199515765539172,-0.0075251852124487775,0.008253558014985174
1.853538155555725,0.6222143173217773,0.8405094742774963,0.522360622882843,0.024380432441830635,0.018327737227082253,0.008599669963587075
1.853601379203859,0.6224000327678108,0.8408856137738382,0.5224715920951903,0.02767046195998049,0.0011762917890424177,0.008047296025324613
1.8534868955612183,0.6223288774490356,0.8409964442253113,0.5223625302314758,0.04404732212424278,0.01081049907952547,0.00831647397717461
1.8534865005851637,0.6223411292377816,0.8413151061052739,0.5224053416938549,0.034483899039624934,0.00845240832954378,0.008375520003028214
1.8534578084945679,0.6223840713500977,0.8416987657546997,0.5224387645721436,0.06640204787254333,0.001730191521346569,0.008417320030275732
1.85346173286009,0.6225106516983018,0.842441207008035,0.5225909328063891,0.029425456743552236,-0.0291419571090502,0.008252726984210312
1.8533947467803955,0.6223189830780029,0.8424463272094727,0.5224176049232483,0.06409288942813873,-0.004456468392163515,0.008420146012213081
1.8534411371165034,0.6225703113116992,0.8432264930464408,0.5224376670154728,0.0520275409109007,-0.011376461781562344,0.008232799009419978
1.8534326553344727,0.6224352121353149,0.8433833718299866,0.52213054895401,0.0381474494934082,-0.004279348999261856,0.008340246975421906
1.8536089187332103,0.6223725661692397,0.8436457431415375,0.5220127672951382,0.06372100488981627,-0.03247396610338776,0.008330715005286038
1.8535892963409424,0.6223022937774658,0.8440240025520325,0.5215908288955688,0.04235660284757614,-0.016652928665280342,0.008436871983576566
1.8534399431648851,0.6222556317308681,0.8441624095072963,0.5215028894034572,0.05137208800099744,-0.021340016387218174,0.008245826000347733
1.8533347845077515,0.6222303509712219,0.8445451855659485,0.5213502049446106,0.01441812515258789,0.008778316900134087,0.008430032001342624
1.8534516950892137,0.6222268453521713,0.844531083101902,0.521425045930306,3.568674869959296e-15,0.008034951767126396,0.0082443060236983
1.8535032272338867,0.6223610043525696,0.844607412815094,0.5213974714279175,-0.01674407348036766,0.013751240447163582,0.008297292981296778
1.8534937235397435,0.6223267848232676,0.8444820103829173,0.5214596935198783,-0.014858063470594403,-0.0005736875274571411,0.008373572025448084
1.8533798456192017,0.6222376227378845,0.8441933393478394,0.5215471386909485,-0.019000081345438957,-0.018792763352394104,0.008429204986896366
1.8534858839547226,0.622370527310265,0.8440347813478561,0.5212711507628882,-0.017052596121887628,0.02312809415965038,0.00821585301309824
1.8533055782318115,0.6224435567855835,0.843780517578125,0.5214964151382446,-0.0017099331598728895,0.01593167521059513,0.008472242974676192
1.853520615202951,0.6224281779908277,0.8437297720030932,0.5218002337706639,-0.016013364083054156,-0.012656382508009524,0.008215847017709166
1.8535220623016357,0.6224188208580017,0.8436155319213867,0.5219404697418213,0.002195807173848152,0.031570859253406525,0.008290604979265481
1.853441385211743,0.622489321176917,0.8436568274120364,0.5221255478697866,-0.010737779705150434,0.06819225912948135,0.00839945301413536
1.853514313697815,0.6224539279937744,0.8433541655540466,0.5226762294769287,-0.027322668582201004,0.0341167077422142,0.00841993698850274
1.8534786888746302,0.6223929394711278,0.8432524706800455,0.5228506297557551,-0.04273226118435958,-0.00042669391574059676,0.00820986001053825
1.8532811403274536,0.6224161386489868,0.843026876449585,0.522912323474884,-0.07279056310653687,-0.005072076804935932,0.008476455986965448
1.853386184780942,0.622341020544107,0.8424448420850336,0.5228072386225219,-0.04509147273113791,-0.022727023153880265,0.008215278037823737
1.853401780128479,0.6224371194839478,0.842218816280365,0.5228397250175476,-0.025577254593372345,-0.02086811512708664,0.008294464962091297
1.8534879844521213,0.6224112940883433,0.8420091971295067,0.5230005133125789,-0.040931898229058794,-0.0056605703411439084,0.008391228038817644
1.853430986404419,0.6224356293678284,0.8418611884117126,0.5230051875114441,-0.018123915418982506,0.030000848695635796,0.008376874960958958
1.8535206835619376,0.6222398784432048,0.8419004083319669,0.5232093918749439,-0.018139056572018197,0.05178014008866286,0.008289575984235853
1.8535003662109375,0.6223211288452148,0.8416189551353455,0.5235817432403564,-0.001976202242076397,0.010701492428779602,0.008434481045696884
1.8534537279581398,0.6223480152845672,0.8413769471439915,0.5238038701337877,0.008022520682116417,0.006237457493792491,0.00824730098247528
1.853534460067749,0.6223623752593994,0.8414720296859741,0.5238752365112305,-0.026025352999567986,0.02722346782684326,0.008317018975503743
1.853471534132668,0.6223213471349442,0.841270061481916,0.5240343805726644,-0.02402264830830628,0.048378801053189424,0.008342861023265868
1.8534605503082275,0.6223680973052979,0.8411535620689392,0.5244792103767395,-0.011971873231232166,0.059658233076334,0.008659752027597278
1.8534655494912202,0.6223908903381722,0.841271336551183,0.5249446305563122,0.004315702180191873,0.04088781757446348,0.007973537954967469
1.8534715175628662,0.622374951839447,0.8413388729095459,0.5254693031311035,0.036592189222574234,0.02341088466346264,0.008374541997909546
1.8533538764972917,0.622289660076298,0.8416308312614025,0.5257312227058097,0.039511969534998324,0.014532486031887906,0.008331963035743684
1.8534605503082275,0.6222857236862183,0.8418888449668884,0.5257095098495483,0.02138596586883068,-0.009393076412379742,0.008419396996032447
1.8534360522649544,0.6223318446649931,0.8422467550464621,0.5255680723924441,0.01907741325094545,-0.006890087136185906,0.008243875985499471
1.8534903526306152,0.6223904490470886,0.8423501253128052,0.5253802537918091,0.0170882735401392,-0.02704598382115364,0.008436391013674438
1.8535558236958045,0.6223711308672892,0.8424791719342091,0.5251509131601645,-0.0035906954864497916,-0.03390499721025787,0.008264895994216204
1.8534499406814575,0.6225512623786926,0.842265784740448,0.5247170329093933,-0.026510164141654968,-0.05874157324433327,0.008420121972449124
1.8535700673016007,0.6225046506063617,0.8423012497493585,0.524301182973838,-0.0395112404396291,-0.10726610694965172,0.00821706501301378
1.8535107374191284,0.6225453019142151,0.8418826460838318,0.5232115983963013,-0.05855778232216835,-0.07209470123052597,0.00840553198941052
1.853461498331969,0.6224222152503457,0.8414790790519638,0.5228872585483831,-0.04435621903547402,-0.06338575775573943,0.00828049099072814
1.853411078453064,0.622431218624115,0.8411996364593506,0.5225011110305786,-0.06725530326366425,-0.03532734885811806,0.008423774037510157
1.8535058618068656,0.6223341028330229,0.8405041502299025,0.52253474420018,0.010051715595852412,-0.020077162022503068,0.00826548901386559
1.8533681631088257,0.6223154067993164,0.8406118154525757,0.5225480198860168,0.007718298584222794,-0.007580676581710577,0.008611186989583075
1.8533667358861752,0.6223692144335519,0.8406781212805582,0.5227577688561242,-3.739341081048677e-13,0.0008611563200836767,0.00803879596060142
1.8534363508224487,0.622351348400116,0.840816080570221,0.5228733420372009,0.025568468496203423,0.01239717099815607,0.008364239009097219
1.8534289282143763,0.622299563704882,0.840888375286364,0.5231961489572745,0.044428441483050175,0.045119236437568704,0.00833217502804473
1.8535102605819702,0.622237503528595,0.8413538932800293,0.5237180590629578,0.03410617262125015,0.06684420257806778,0.008337038976605982
1.8535386484970169,0.6223550294407618,0.8414272002245626,0.5242507832516133,0.037692404442386584,0.0823144559569474,0.008340962987858802
1.8535387516021729,0.6223989129066467,0.842060387134552,0.5249350070953369,0.012459642253816128,0.04170215129852295,0.008430345042143017
1.8534547013725995,0.622353190614585,0.8420598565797129,0.5252156633623862,0.029874065266823128,0.03140620356518613,0.008227338956203312
1.853411078453064,0.6224419474601746,0.8424698114395142,0.5253005027770996,0.023401346057653427,0.05205709487199783,0.008393603027798235
1.8533562963712036,0.6224472518822403,0.8424743961461566,0.5254844022324769,0.016435489078348832,0.0165437437160144,0.00826946902088821
1.853460431098938,0.6224273443222046,0.842484712600708,0.525518536567688,0.02120230533182621,0.038164738565683365,0.008256587956566364
1.8534237268729217,0.6224060320496909,0.8425231186967421,0.5259126301048604,-0.031797405702827235,0.03249445943096437,0.008379628008697182
1.853524923324585,0.6225650906562805,0.8423725366592407,0.5264566540718079,-0.048918649554252625,0.05201883986592293,0.00851498101837933
1.8534923324523576,0.6223828839040149,0.8419566491957658,0.5267818391538467,-0.0461459320534079,0.08505810126311725,0.00812950701219961
1.8534263372421265,0.6224690079689026,0.8417379856109619,0.5275402069091797,-0.05385647341609001,0.04339096322655678,0.008286778989713639
1.8533948175988613,0.6223735928942448,0.8412411404804288,0.5277115686365558,-0.056118419127248194,0.061235747541835375,0.008404460968449712
1.8534473180770874,0.6222537159919739,0.840922474861145,0.5280898809432983,-0.017660530284047127,0.01730884425342083,0.008432301052380353
1.8535360922873754,0.6222720375998634,0.840779981049031,0.5283287029765713,-0.019528456447194642,0.009683539888309507,0.008207078964915127
1.853469729423523,0.6222490072250366,0.8404803276062012,0.5281628966331482,-0.008798611350357533,0.0063494169153273106,0.008470525033771992
1.8534134214327185,0.6222461858691718,0.8405636768700203,0.5281633591360753,2.1061480232092235e-13,-0.02214884342923914,0.008210860949475318
1.8533470630645752,0.6222420334815979,0.8405068516731262,0.5279251933097839,0.03219898045063019,-0.022581206634640694,0.008482125995215029
1.8534444496604372,0.6223408709576689,0.8408950877585597,0.5276881346691514,0.02408214833411738,-0.04676633597917637,0.00821876700501889
1.8534049987792969,0.6224113702774048,0.8410221338272095,0.5271565318107605,0.015679631382226944,-0.06762152165174484,0.008461014018394053
1.8534865487740768,0.6224258435240981,0.8411238839685982,0.526665990680342,0.027606820121762243,-0.09470969357653275,0.008225621015299112
1.8534349203109741,0.6225312948226929,0.8413773775100708,0.5260692238807678,0.011027486063539982,-0.05936715751886368,0.008446590974926949
1.853619704211899,0.6224356989796275,0.8414245258988678,0.5260415691039719,0.04172284420177305,-0.04534501020366323,0.008216794987674803
1.8534257411956787,0.622446596622467,0.8419715762138367,0.5256061553955078,0.033832523971796036,0.009103074669837952,0.008461273042485118
1.853404574159946,0.6224169838195337,0.8421498540193525,0.5257507347175722,0.018048939052839358,0.009215673024571918,0.008203311008401215
1.853437066078186,0.6223357319831848,0.8423953056335449,0.5258312821388245,0.015941819176077843,-0.017992382869124413,0.008478215953800827
1.8532196576934223,0.6221887853433969,0.842497938413096,0.5256589022664457,0.018143798196287735,-0.015932487125954575,0.00821992103010416
1.853470802307129,0.6223040819168091,0.8425473570823669,0.5255298614501953,2.5261222150532725e-13,-0.03347700461745262,0.00847837800392881
1.8536068324903172,0.6224064587955969,0.8424993699232265,0.5252811088287663,-0.018076947900312064,-0.08735080382095275,0.008162693004123867
1.8535683155059814,0.6222895383834839,0.8424210548400879,0.5247228145599365,-0.018476873636245728,-0.0920325294137001,0.008491084969136864
1.8534174350586388,0.622490781708174,0.8421005560299021,0.5238940682404524,-0.007558605340571567,-0.06788625255855243,0.008190869993995875
1.8535289764404297,0.6223007440567017,0.8421401977539062,0.5234178304672241,-0.03595414012670517,-0.053186751902103424,0.008310734003316611
1.8534706542110282,0.622522547957148,0.8417055295610643,0.5232127765727506,-0.061651173302018886,-0.030949015943600965,0.008349462994374335
1.8533650636672974,0.6224381923675537,0.8413304090499878,0.5231418013572693,-0.056404709815979004,0.006285724230110645,0.008521333045791835
1.8535296977877542,0.6224244723381899,0.8407113754192297,0.5230026835536183,-0.041670074636346685,0.038475919651009036,0.008104916953016073
1.8535516262054443,0.6224012970924377,0.8406277298927307,0.523356556892395,-0.04095202684402466,0.06561627238988876,0.008361941028852016
1.8535657001120274,0.6223786123181306,0.8399128139708948,0.524217421044049,-0.05683613760807918,0.06473210293350765,0.008351185999345034
1.8535511493682861,0.6224598288536072,0.8397560715675354,0.5248690247535706,-0.12564074993133545,0.10398025810718536,0.008451975008938462
1.8535321844656225,0.6224444726735718,0.8385908596521655,0.5259249778385902,-0.10272190255222646,0.14327407307032827,0.008228127961046994
1.8535679578781128,0.6224896907806396,0.8375197052955627,0.5276074409484863,-0.1354762464761734,0.15928524732589722,0.008302341040689498
1.8534538536159615,0.6223365598631951,0.8361912692452861,0.5286114313105243,-0.1022544037301419,0.15430365955240752,0.008352866978384554
1.8533360958099365,0.622257649898529,0.8357208371162415,0.530066192150116,-0.16676494479179382,0.18287929892539978,0.008474176982417703
1.8535671493438395,0.6222964845074361,0.8341617962192456,0.5319230418491945,-0.10577181676297209,0.23660213154535273,0.008194904017727822
1.8533679246902466,0.6223908066749573,0.8338552117347717,0.5339029431343079,-0.09517191350460052,0.1389296054840088,0.00846873503178358
1.8534929081649247,0.6224053955881854,0.8327051377628175,0.5345411355883104,-0.055696003789816526,0.1277075892871592,0.008223322976846248
1.8533610105514526,0.6224758625030518,0.8325293064117432,0.5353624224662781,-0.015297632664442062,0.11551323533058167,0.008438909018877894
1.8534010895793473,0.6224867856389156,0.832534070224044,0.5363807865713259,-0.023939886032136377,0.02872624199538669,0.008198104973416775
1.8535395860671997,0.6228200197219849,0.8322837352752686,0.5364606380462646,-0.016022417694330215,-0.039845481514930725,0.00848274101736024
1.8537220127695413,0.6236038869107474,0.8325485820396402,0.5360404682691574,0.015725464236228295,0.004286358672262312,0.008182880992535502
1.854051113128662,0.6241095662117004,0.8325837850570679,0.5361140370368958,0.01015251874923706,-0.004551970399916172,0.008306689967866987
1.8544251385275607,0.6244743555717669,0.8327457726750507,0.5359177116547478,-0.0027027136464086512,-0.04341424791532252,0.008378733007702976
1.8554089069366455,0.6254188418388367,0.8326476216316223,0.5354304909706116,-0.024252943694591522,-0.068636454641819,0.008480161020997912
1.8574215029576466,0.6261635617818881,0.8325883262777881,0.5346194922365305,-0.04762580579146828,-0.07617152298422773,0.008172422007191926
1.859297275543213,0.6266249418258667,0.8320640325546265,0.5341407060623169,-0.08171343803405762,-0.06483136117458344,0.008403824002016336
1.8611473354627663,0.6264717256625297,0.8315878318021296,0.5337170627766734,-0.08238263315045659,-0.0038020390775000135,0.008303651004098356
1.8621598482131958,0.6249994039535522,0.8303642868995667,0.5341175198554993,-0.12611383199691772,0.05338340252637863,0.008448679989669472
1.8639014470516213,0.6227425465369028,0.8295453091800163,0.5349236964754787,-0.16299699883577617,0.1503021597620946,0.008264052972663194
1.8651262521743774,0.62064129114151,0.827812135219574,0.5363579392433167,-0.27923744916915894,0.19294779002666473,0.008434033021330833
1.8668882354673408,0.61861558664213,0.8259618673841147,0.5382296751320805,-0.21370050685879421,0.22984858694733842,0.008191825007088482
1.8685390949249268,0.6161321997642517,0.8234458565711975,0.540574312210083,-0.3332976698875427,0.3609822392463684,0.008497049973811954
1.8708040297627386,0.6135031991486297,0.8205347663301298,0.5436915333910366,-0.25839399376069533,0.43544121955043835,0.008210593019612134
1.8732181787490845,0.6107375621795654,0.8181126117706299,0.5475624203681946,-0.31500566005706787,0.42080315947532654,0.008286273980047554
1.8764994745587147,0.6082995237345944,0.8153032534028946,0.5506821287246514,-0.19073957571543623,0.45313782407308956,0.008367797010578215
1.8796379566192627,0.6055288314819336,0.8146066665649414,0.5539478063583374,-0.15476587414741516,0.5367004871368408,0.008472493034787476
1.8839324467238996,0.6028244966642712,0.8128347488980878,0.5598683916512657,-0.16358823928155503,0.5748673460367658,0.00874391000252217
1.892400860786438,0.5987974405288696,0.8120779395103455,0.5643469095230103,-0.018023159354925156,0.5759915113449097,0.008389077964238822
1.8912899913150014,0.5958118234690561,0.8121179545534158,0.569047894162266,-0.027529484417498813,0.6083290773921936,0.008234357985202223
1.8912899494171143,0.5958118438720703,0.8117262721061707,0.5744912028312683,0.11870717257261276,0.6451424956321716,0.00752163800643757
1.8912899913150014,0.5958118234690561,0.8137415053814614,0.5796522120558749,0.08828253748818589,0.7403981117196093,0.008270721009466797
1.8912899494171143,0.5958118438720703,0.8138623237609863,0.5862956047058105,0.06958350539207458,0.7414087057113647,0.00847226002952084
1.8912899913150014,0.5958118234690561,0.8150032527387046,0.5928882518532838,0.0481703924656038,0.8024027928108025,0.008182780002243817
1.8912899494171143,0.5958118438720703,0.8150842785835266,0.598962128162384,-0.10250937193632126,0.8912919759750366,0.008353412966243923
1.8912899913150014,0.5958118234690561,0.8139084071725914,0.6072428108835245,-0.05531865150776592,0.9335759824613494,0.00833231199067086
1.8912899494171143,0.5958118438720703,0.8127785325050354,0.616034746170044,-0.28116294741630554,0.9912184476852417,0.008462608035188168
1.8912899913150014,0.5958118234690561,0.8111290074450459,0.622594302644037,-0.24625478155784997,0.9679891158042604,0.00820982299046591
1.8912899494171143,0.5958118438720703,0.8084197044372559,0.6322270035743713,-0.3414754867553711,1.032127857208252,0.008466082974337041
1.8912899913150014,0.5958118234690561,0.8055004937161916,0.6408628963400598,-0.32416308328152355,1.114169775010004,0.008225371013395488
1.8912899494171143,0.5958118438720703,0.8030480742454529,0.6489028930664062,-0.4313969910144806,1.1399856805801392,0.008449514978565276
1.8912899913150014,0.5958118234690561,0.7988087102362452,0.6592812426349691,-0.35794753425124237,1.1329982528837783,0.008229444036260247
1.8912899494171143,0.5958118438720703,0.7948242425918579,0.6700685620307922,-0.4298948347568512,0.9097972512245178,0.008450032968539745
1.8912899913150014,0.5958118234690561,0.791734926781438,0.6754734280003117,-0.48900615147726917,0.8746739328313952,0.008218602044507861
1.8912899494171143,0.5958118438720703,0.7884981632232666,0.6810852289199829,-0.45563554763793945,0.6641747951507568,0.008356307982467115
1.8912899913150014,0.5958118234690561,0.7840763872160266,0.6861641207321207,-0.32609043679353833,0.447314390619413,0.008277376997284591
1.8912899494171143,0.5958118438720703,0.7821062207221985,0.6889795660972595,-0.19778648018836975,0.2760036587715149,0.008483126002829522
1.8912899913150014,0.5958118234690561,0.77951814220545,0.6909969891058059,-0.14891777004998646,0.19694395157372488,0.008210860018152744
1.8912899494171143,0.5958118438720703,0.7787313461303711,0.6917656064033508,-0.061454031616449356,0.1202758401632309,0.008438321005087346
1.8912899913150014,0.5958118234690561,0.7783173985507272,0.6926632012003745,-0.10544599679708105,-0.049225192252308786,0.008209730964154005
1.8912899494171143,0.5958118438720703,0.7769885063171387,0.6918988227844238,-0.04426179826259613,-0.016092168167233467,0.008758715994190425
1.8912899913150014,0.5958118234690561,0.7769865629196178,0.6915793700440428,-0.0623280157150006,-0.0493774023092905,0.007894315989688039
1.8912899494171143,0.5958118438720703,0.7760917544364929,0.6906353831291199,-0.0940384641289711,-0.15734246373176575,0.008504311030264944
1.8912899913150014,0.5958118234690561,0.7758794157320581,0.6890586118512724,-0.09571679170037602,-0.23793381044331924,0.008204402984119952
1.8912899494171143,0.5958118438720703,0.7752887010574341,0.687263011932373,-0.005708429031074047,-0.22547294199466705,0.008457289019133896
1.8912899913150014,0.5958118234690561,0.7757124877271709,0.6853628260336727,0.01410527780559459,-0.33008501335370266,0.0082143809995614
1.8912899494171143,0.5958118438720703,0.7754800319671631,0.682258129119873,-0.040548451244831085,-0.37976711988449097,0.008468700980301946
1.8912899913150014,0.5958118234690561,0.7753555600525143,0.6790974686625495,-0.016511711087940698,-0.365772460826997,0.008192114997655153
1.8912899494171143,0.5958118438720703,0.7752506732940674,0.6754381060600281,-0.028216103091835976,-0.3847506642341614,0.008462578000035137
1.8912899913150014,0.5958118234690561,0.7749561883980667,0.67312892171935,-0.008030331749439505,-0.4578250205235288,0.0082403119886294
1.8912899494171143,0.5958118438720703,0.7751030921936035,0.6690355539321899,0.10969508439302444,-0.4526953399181366,0.008426418004091829
1.8912899913150014,0.5958118234690561,0.7759795604362578,0.6654049065024319,0.09831057984488428,-0.4712174363476961,0.008214037050493062
1.8912899494171143,0.5958118438720703,0.776538074016571,0.6604042649269104,0.03351134806871414,-0.5585258603096008,0.008500262978486717
1.8912899913150014,0.5958118234690561,0.7766525858411167,0.6552060623855985,0.05034134175640075,-0.6967927822251004,0.00815704301930964
1.8912899494171143,0.5958118438720703,0.7769149541854858,0.6502320170402527,-0.03417917713522911,-0.7228035926818848,0.008495758986100554
1.8912899913150014,0.5958118234690561,0.7759681038692813,0.6433076640211468,-0.1249654508958489,-0.8152404017837068,0.008198014984373003
1.8912899494171143,0.5958118438720703,0.7747288346290588,0.6362040638923645,-0.22377175092697144,-0.8984110355377197,0.00840472400886938
1.8912899913150014,0.5958118234690561,0.7737822509449931,0.6293299183235311,-0.18299690796885987,-0.9030037183393061,0.008295201987493783
1.8912899494171143,0.5958118438720703,0.7712317109107971,0.6213830709457397,-0.36896011233329773,-0.9398248195648193,0.008726150030270219
1.8912899913150014,0.5958118234690561,0.7680745203175181,0.6122614761389443,-0.30990991043543037,-0.9564249296383955,0.00790874200174585
1.8912899494171143,0.5958118438720703,0.7655283808708191,0.6049126386642456,-0.44750678539276123,-1.0275014638900757,0.008368629962205887
1.8912899913150014,0.5958118234690561,0.7612007911870309,0.595378156827838,-0.352288364072478,-1.037534072494632,0.008317610016092658
1.8912899494171143,0.5958118438720703,0.7580227255821228,0.587546169757843,-0.49514123797416687,-0.879648745059967,0.008402656996622682
1.8912899913150014,0.5958118234690561,0.7538812448603163,0.5817634377837975,-0.45638211197337064,-0.6271739607444405,0.008263446972705424
1.8912899494171143,0.5958118438720703,0.7499828934669495,0.5772457718849182,-0.49637994170188904,-0.4906620979309082,0.00848569901427254
1.8912899913150014,0.5958118234690561,0.7440896451098058,0.5736711396280624,-0.543054954347223,-0.17205069960850225,0.00820107600884512
1.8912899494171143,0.5958118438720703,0.7401613593101501,0.5731058716773987,-0.6206715703010559,-0.07173565030097961,0.008456902985926718
1.8912899913150014,0.5958118234690561,0.7346728589133746,0.5734042492131471,-0.6885419105228165,-0.07468637517760313,0.008202210010495037
1.8912899494171143,0.5958118438720703,0.7299849987030029,0.5725709199905396,-0.6484517455101013,0.024271849542856216,0.008380694023799151
1.8912899913150014,0.5958118234690561,0.7242635302095874,0.5726140872829605,-0.7194486259634941,-0.004093637831464325,0.008294384984765202
1.8912899494171143,0.5958118438720703,0.7176923751831055,0.5727789998054504,-0.7377408146858215,-0.0007348524522967637,0.008467346022371203
1.8912899913150014,0.5958118234690561,0.7114466710237656,0.5728340343748354,-0.8077865422697525,-0.021519209681932397,0.008195184986107051
1.8912899494171143,0.5958118438720703,0.7048471570014954,0.5725882649421692,-0.7957246899604797,-0.020429976284503937,0.00848777499049902
1.8912899913150014,0.5958118234690561,0.6979115952808429,0.5726612435987639,-0.8785324397694967,-0.01432713442798097,0.008199533971492201
1.8912899494171143,0.5958118438720703,0.6909316182136536,0.5724501609802246,-0.8301945328712463,-0.005168342497199774,0.00838656903943047
1.8912899913150014,0.5958118234690561,0.6835590793073015,0.5723807900895699,-0.893360151748436,0.010556196452028977,0.00828742899466306
1.8912899494171143,0.5958118438720703,0.6738177537918091,0.5725031495094299,-0.8935633301734924,-0.012912813574075699,0.008717089018318802
1.8912899913150014,0.5958118234690561,0.6705652444929653,0.5724272327043113,-1.1102447978835412,0.0009935777148048198,0.007922869001049548
1.8912899494171143,0.5958118438720703,0.6600927710533142,0.5723100900650024,-0.9542020559310913,0.01953069493174553,0.008487408980727196
1.8912899913150014,0.5958118234690561,0.6521337627463901,0.5723900386363503,-0.9898839767759567,-0.03374192060686279,0.008211856009438634
1.8912899494171143,0.5958118438720703,0.6441324949264526,0.5722554326057434,-1.0308189392089844,0.006185319274663925,0.008733243972528726
1.8912899913150014,0.5958118234690561,0.6345934874154168,0.5724363284652607,-0.8555818217784873,-0.011996343349966087,0.00795488600851968
1.8912899494171143,0.5958118438720703,0.6273711919784546,0.5723214745521545,-0.9120842814445496,-0.035483650863170624,0.008446017978712916
1.8912899913150014,0.5958118234690561,0.619622886518213,0.5721275555600349,-0.747933310427529,0.015217911626706942,0.008195684000384063
1.8912899494171143,0.5958118438720703,0.6159310936927795,0.572084367275238,-0.7278987169265747,-0.011845411732792854,0.00872581300791353
1.8912899913150014,0.5958118234690561,0.6092020651190978,0.5720161925006202,-0.5602791288672824,0.008079708922045053,0.007970739039592445
1.8912899494171143,0.5958118438720703,0.6052999496459961,0.5723556280136108,-0.5102048516273499,0.0021220571361482143,0.008322448004037142
1.8912899913150014,0.5958118234690561,0.6004273133469766,0.5720980876153958,-0.40689147872249193,-0.02488069509603304,0.008344096946530044
1.8912899494171143,0.5958118438720703,0.5980865955352783,0.5716673135757446,-0.31264254450798035,0.04013241454958916,0.008730082015972584
1.8912899913150014,0.5958118234690561,0.5950510363348706,0.5722364241906288,-0.27156477165225645,0.01796523859124738,0.007928755017928779
1.8912899494171143,0.5958118438720703,0.5932403802871704,0.5722796320915222,-0.14821794629096985,0.0013724648160859942,0.008480379008688033
1.8912899913150014,0.5958118234690561,0.591999273824253,0.5720145544885145,-0.1556165260678187,-0.017291350703569384,0.008182393969036639
1.8912899494171143,0.5958118438720703,0.5912237763404846,0.571707010269165,-0.06827362626791,-0.00439649960026145,0.008313774014823139
1.8912899913150014,0.5958118234690561,0.5907743702961213,0.5719694676181841,0.014173525918576624,0.0019287391981954657,0.008371187024749815
1.8912899494171143,0.5958118438720703,0.591160774230957,0.5721423625946045,-0.022783251479268074,-0.007775990758091211,0.008753237954806536
1.8912899913150014,0.5958118234690561,0.5909988451674125,0.5719692470690314,0.006221269341260891,0.001591575502990059,0.007898331037722528
1.8912899494171143,0.5958118438720703,0.5912982821464539,0.5719931125640869,0.011728905141353607,-0.002018168568611145,0.0084964869893156
1.8912899913150014,0.5958118234690561,0.5911476555991773,0.5719790330139433,-0.010436515977933264,0.00844291286042178,0.008192964014597237
1.8912899494171143,0.5958118438720703,0.5910367369651794,0.5717954039573669,0.0016975386533886194,0.024163201451301575,0.008299626992084086
1.8912899913150014,0.5958118234690561,0.5909900192815581,0.5721120319226611,-0.019091739233231625,-0.00864433289428472,0.00838342501083389
1.8912899494171143,0.5958118438720703,0.5908177495002747,0.5719240307807922,0.006120001431554556,0.005236092954874039,0.008467737003229558
1.8912899913150014,0.5958118234690561,0.5909222693563649,0.5720736980760219,6.411437747721324e-14,-0.004475195209340338,0.008209087944123894
1.8912899494171143,0.5958118438720703,0.5910203456878662,0.5719317197799683,-0.010490721091628075,0.0003212476149201393,0.008455738017801195
1.8912899913150014,0.5958118234690561,0.5909924242665687,0.5720231817493018,0.0038787788524467593,0.005944062485078906,0.008259339025244117
1.8912899494171143,0.5958118438720703,0.5909604430198669,0.5719524025917053,8.60415525719832e-14,0.0017612678930163383,0.008311095996759832
1.8912899913150014,0.5958118234690561,0.5908460686902965,0.5719536918637346,0.0017512139287355136,-0.0005174227084420915,0.00834660796681419
1.8912899494171143,0.5958118438720703,0.5907764434814453,0.5720303654670715,0.008043239824473858,-0.008598298765718937,0.00845892500365153
1.8912899913150014,0.5958118234690561,0.5907382077590356,0.5719835090138963,0.00800435386968694,-0.0026816554725346423,0.008164469036273658
1.8912899494171143,0.5958118438720703,0.5909221172332764,0.5721351504325867,-0.016006609424948692,-0.01717405952513218,0.008358335995581001
1.8912899913150014,0.5958118234690561,0.5908078249458277,0.5719978466268254,3.8377517737297297e-13,0.0019030794562937762,0.00833857897669077
1.8912899494171143,0.5958118438720703,0.5908077955245972,0.5720242857933044,-7.858563653333553e-14,-0.008270172402262688,0.008358767023310065
1.8912899913150014,0.5958118234690561,0.590922325364247,0.5719374198046676,-0.0017508282608026254,0.010536942381470026,0.008275389962363988
1.8912899494171143,0.5958118438720703,0.5908460021018982,0.5720446109771729,-1.4781116597622351e-13,-0.013570715673267841,0.008775893016718328
1.8912899913150014,0.5958118234690561,0.5909225191328088,0.5719566015520012,-0.016559352645934715,0.0057758401404102815,0.007905460020992905
1.8912899494171143,0.5958118438720703,0.5908077955245972,0.5718647241592407,-1.5602799542831225e-13,0.013598899357020855,0.008494492969475687
1.8912899913150014,0.5958118234690561,0.590807824945828,0.5720487505989984,3.5242873726447034e-13,-0.012984899461020603,0.008175858005415648
1.8912899494171143,0.5958118438720703,0.5908077955245972,0.5720008015632629,1.578159803360124e-13,3.0355009955282397e-13,0.008439745986834168
2.0511393060378174,0.4759923272688504,0.5908078249458294,0.5720866842524911,-2.0199987017675925e-14,-0.003740252832219692,0.009671599022112787
2.0525221824645996,0.4740055799484253,0.5908077955245972,0.5719403624534607,1.9286761315621959e-13,0.006041832733899355,0.0077785360044799745
2.0468939569312985,0.4749358538394604,0.590769676808985,0.5721088050934379,-8.506832146422953e-14,-0.018315116900681373,0.00830746500287205
2.039316415786743,0.4771938920021057,0.5910735726356506,0.5714949369430542,0.07036732137203217,-0.11807388067245483,0.007878922973759472
2.032852879591694,0.47799598213169225,0.5917250330589248,0.5702785666744863,0.06865797550437727,-0.27507495212601907,0.008338220010045916
2.025994300842285,0.4788897931575775,0.5930863618850708,0.5670500993728638,0.20593318343162537,-0.4064536988735199,0.00837593903997913
2.0196710569803282,0.4797540795560403,0.5942566290093143,0.5632501770206468,0.16816848258426567,-0.4659138703233233,0.00830116297584027
2.0132784843444824,0.48079222440719604,0.5950846672058105,0.5582349300384521,0.13034214079380035,-0.5620460510253906,0.008450404973700643
2.0082121792557794,0.4820251094572693,0.5967465060955266,0.5539209806434965,0.14789721744438664,-0.6502104834525184,0.008222692005801946
2.0046589374542236,0.4832722842693329,0.5974737405776978,0.5476965308189392,-0.08122188597917557,-0.7056469321250916,0.008668133988976479
2.003105147406417,0.484808944492677,0.5968679066330514,0.5420335991497819,-0.00220426388254316,-0.7995853578405546,0.008472864050418139
2.0008633136749268,0.4859817624092102,0.5971840620040894,0.5369616746902466,0.004817877430468798,-0.6497085094451904,0.007861388963647187
1.9989044225718438,0.4867440772366264,0.5970103281568425,0.5318533850693891,0.023512874589099807,-0.39804582267235333,0.008365107991266996
1.998241662979126,0.4873342216014862,0.5972646474838257,0.5294437408447266,0.09527736902236938,-0.29981979727745056,0.00844155199592933
1.9974266683629691,0.48778700449220436,0.5985096117425599,0.5265306781252388,0.09952841482553174,-0.2452401267867124,0.008188026025891304
1.996809482574463,0.4882395267486572,0.5994254946708679,0.5242456793785095,0.03716552257537842,-0.2552344501018524,0.00847710098605603
1.9961528163998816,0.489063684692237,0.5996331860206335,0.5221262434491396,0.1924877553451784,-0.2931146399723509,0.008213196997530758
1.9954606294631958,0.48955610394477844,0.6008955836296082,0.5194602012634277,0.11318923532962799,-0.2870199978351593,0.008352897013537586
1.995446710159291,0.48999088367228927,0.6014837430837449,0.5178741354662795,0.18628278947813462,-0.2884720716949184,0.008329186995979398
1.9950729608535767,0.49013328552246094,0.6032336950302124,0.5155819654464722,0.07762377709150314,-0.21940352022647858,0.008469886030070484
1.994973116759081,0.4902099766147872,0.6038528907879167,0.5136477662239038,0.16663796071429524,-0.20824215085894296,0.008197593968361616
1.9947344064712524,0.4902722239494324,0.6052539348602295,0.5121846795082092,0.11342283338308334,-0.23956535756587982,0.008476693998090923
1.9945448949836644,0.49012155248653966,0.6059215851067888,0.5101526115717453,0.15200190634190744,-0.20301450035343896,0.008201149990782142
1.9946141242980957,0.48999282717704773,0.6078323125839233,0.508744478225708,0.09029475599527359,-0.18422144651412964,0.008417739009018987
1.994496704488562,0.4900359631747953,0.6083032963357962,0.5072774857226932,0.11401160818939862,-0.1619504700667348,0.008255441032815725
1.9946352243423462,0.4901018738746643,0.609952449798584,0.50579833984375,0.1282857209444046,-0.18206605315208435,0.00845404900610447
1.9945081599934005,0.4903351039745898,0.610549769196717,0.5043590383628629,0.13859795059872249,-0.16528884376526137,0.008203949953895062
1.994439721107483,0.49060195684432983,0.6124380826950073,0.5032311677932739,0.20362335443496704,-0.13153044879436493,0.008472509041894227
1.9945649457008587,0.49079042255202926,0.6136541366210371,0.5020966898176425,0.24644368630522487,-0.03935311296760008,0.008210900996346027
1.9945917129516602,0.49087458848953247,0.6159800887107849,0.5021694898605347,0.3449273407459259,0.009634653106331825,0.008455161994788796
1.9945699057353288,0.4906475480952661,0.6184679210239579,0.5025998482514248,0.29325284407683777,0.06138172019407305,0.008212890999857336
1.9946831464767456,0.49036267399787903,0.6202912330627441,0.503079891204834,0.32963329553604126,0.0761423259973526,0.008316266001202166
1.9947661113857018,0.48997721054304605,0.6225833889178084,0.5036975791526264,0.29920514053507113,0.09441570840673519,0.008348581963218749
1.9947351217269897,0.4899663031101227,0.6251909732818604,0.5050190091133118,0.14536720514297485,0.20175454020500183,0.008468775020446628
1.9945922197244825,0.4897972254123438,0.6258716033626935,0.5068410030339756,0.21569982702305218,0.2027836310776009,0.00818790402263403
1.9946389198303223,0.4898986220359802,0.6276126503944397,0.5082253217697144,0.13606154918670654,0.18446603417396545,0.008461607969366014
1.994806774943065,0.48993347348834876,0.6285248727067321,0.5101323152160077,0.19094669782362952,0.23291492461817292,0.008230588980950415
1.994650959968567,0.4903191924095154,0.6305621266365051,0.5119005441665649,0.25223013758659363,0.24545474350452423,0.008309425029437989
1.9945414083935686,0.49068184705054385,0.6325371376896162,0.5142466982309579,0.2557555737455558,0.2494101177647777,0.008338776999153197
1.9945907592773438,0.49087852239608765,0.6344812512397766,0.5163821578025818,0.2065860480070114,0.2930896580219269,0.008484632999170572
1.9946984560441945,0.4909812841992071,0.6375029453536809,0.519199065313495,0.3554929103129962,0.28561146317528074,0.008211033011320978
1.9944289922714233,0.49076685309410095,0.6406810283660889,0.5217369198799133,0.4073878824710846,0.3525797128677368,0.00840216496726498
1.9947467572472029,0.4905789759010893,0.6436391397871541,0.5242430736829591,0.38172583293109286,0.33236435400373315,0.008277936023660004
1.9946691989898682,0.49040693044662476,0.647283136844635,0.5272173881530762,0.4307716488838196,0.383630633354187,0.008411205024458468
1.9947226925895254,0.4901295237601139,0.6511650509633663,0.5303496338965298,0.42761450410338,0.3433789891882099,0.008239969960413873
1.9947949647903442,0.4898536503314972,0.6547868251800537,0.5337651371955872,0.5148064494132996,0.4018858075141907,0.008467857027426362
1.9945704034548242,0.4900442182355482,0.6592227287609895,0.5368068538620836,0.5014258746634846,0.3832062459835312,0.008218734990805387
1.9946868419647217,0.48980966210365295,0.6628303527832031,0.5405186414718628,0.46292203664779663,0.39518505334854126,0.008419152989517897
1.9947511311204327,0.49000039856507915,0.6668147285867441,0.5437099291219718,0.42017808042066385,0.460545335445222,0.008251528022810817
1.9946132898330688,0.4900262653827667,0.6703146696090698,0.5469302535057068,0.31671175360679626,0.4008740186691284,0.008332438999786973
1.9945934157548117,0.4900541638930803,0.6738836821588837,0.5513085512050026,0.46377101360192674,0.4425359304966101,0.008326775976456702
1.9945755004882812,0.49042388796806335,0.6772282719612122,0.5542230606079102,0.5075825452804565,0.4729318916797638,0.008480331976898015
1.9945380281657132,0.49084080513456724,0.681951561322116,0.558337122106551,0.5344727063624068,0.4828533969400306,0.008204133016988635
1.9947160482406616,0.4908876419067383,0.685326337814331,0.5623254776000977,0.44432708621025085,0.4472538232803345,0.008410144015215337
1.9946405646548115,0.490945640456764,0.6898115979376427,0.5664430166402467,0.4593386398932908,0.4967863283338357,0.008259909984190017
1.9946330785751343,0.49090778827667236,0.6932834386825562,0.5699469447135925,0.32678163051605225,0.4716901481151581,0.008376201032660902
1.994516665391829,0.49065511669903517,0.6966241628143195,0.5747514321863798,0.5052403963428548,0.47251639798052997,0.008300507965032011
1.9946353435516357,0.49017417430877686,0.7013583779335022,0.5789276957511902,0.4662914276123047,0.5037746429443359,0.0086967259994708
1.9948160923045017,0.4898465277352768,0.7049143324272618,0.5827770015550243,0.5045452970115437,0.4807280840023714,0.00801223301095888
1.9946141242980957,0.48961955308914185,0.707221508026123,0.5860424637794495,0.5217615962028503,0.45001259446144104,0.008291888982057571
1.9944126492136323,0.48963147378541716,0.7123447012886716,0.5904226007061731,0.35056227341102786,0.5536209146607352,0.008366437046788633
1.9947882890701294,0.48983103036880493,0.71440589427948,0.5945193767547607,0.26192477345466614,0.5225734114646912,0.008436490956228226
1.9946099684967142,0.48993640527723176,0.7171888389995353,0.5997995240643973,0.24762794300809532,0.5276090741824974,0.008205188030842692
1.9947816133499146,0.49013710021972656,0.7192251086235046,0.6032939553260803,0.19419634342193604,0.4831482172012329,0.008449100016150624
1.9948944599463687,0.4907113355865871,0.7207375633328376,0.6072536019360938,0.2743531246779081,0.4586506374006356,0.008211651991587132
1.9947965145111084,0.4908105731010437,0.7236455678939819,0.6120260953903198,0.32526907324790955,0.5031284093856812,0.008482123957946897
1.9947481346453453,0.4908521138951235,0.7257571660642991,0.6163222110579174,0.3099858305932653,0.4744648263569213,0.008195198024623096
1.9944286346435547,0.490814208984375,0.728354811668396,0.6198781728744507,0.2969418466091156,0.4120197594165802,0.008334713988006115
1.9945029626365285,0.49054715701164225,0.7307340602141942,0.6229580441663849,0.2023064100027193,0.24140659458471914,0.008331615012139082
